,A,L,R,K,N,M,D,F,C,P,Q,S,E,T,G,W,H,Y,I,V
ANDN920101,4.35,4.17,4.38,4.36,4.75,4.52,4.76,4.66,4.65,4.44,4.37,4.5,4.29,4.35,3.97,4.7,4.63,4.6,3.95,3.95
ARGP820101,0.61,1.53,0.6,1.15,0.06,1.18,0.46,2.02,1.07,1.95,0.0,0.05,0.47,0.05,0.07,2.65,0.61,1.88,2.22,1.32
ARGP820102,1.18,3.23,0.2,0.06,0.23,2.67,0.05,1.96,1.89,0.76,0.72,0.97,0.11,0.84,0.49,0.77,0.31,0.39,1.45,1.08
ARGP820103,1.56,2.93,0.45,0.15,0.27,2.96,0.14,2.03,1.23,0.76,0.51,0.81,0.23,0.91,0.62,1.08,0.29,0.68,1.67,1.14
BEGF750101,1.0,1.0,0.52,0.6,0.35,1.0,0.44,0.6,0.06,0.06,0.44,0.35,0.73,0.44,0.35,0.73,0.6,0.44,0.73,0.82
BEGF750102,0.77,0.83,0.72,0.55,0.55,0.98,0.65,0.98,0.65,0.55,0.72,0.55,0.55,0.83,0.65,0.77,0.83,0.83,0.98,0.98
BEGF750103,0.37,0.53,0.84,0.75,0.97,0.64,0.97,0.53,0.84,0.97,0.64,0.84,0.53,0.75,0.97,0.97,0.75,0.84,0.37,0.37
BHAR880101,0.357,0.365,0.529,0.466,0.463,0.295,0.511,0.314,0.346,0.509,0.493,0.507,0.497,0.444,0.544,0.305,0.323,0.42,0.462,0.386
BIGC670101,52.6,102.0,109.1,105.1,75.7,97.7,68.4,113.9,68.3,73.6,89.7,54.9,84.7,71.2,36.3,135.4,91.9,116.2,102.0,85.1
BIOV880101,16.0,145.0,-70.0,-141.0,-74.0,124.0,-78.0,189.0,168.0,-20.0,-73.0,-70.0,-106.0,-38.0,-13.0,145.0,50.0,53.0,151.0,123.0
BIOV880102,44.0,108.0,-68.0,-188.0,-72.0,121.0,-91.0,148.0,90.0,-36.0,-117.0,-60.0,-139.0,-54.0,-8.0,163.0,47.0,22.0,100.0,117.0
BROC820101,7.3,20.0,-3.6,-3.7,-5.7,5.6,-2.9,19.2,-9.2,5.1,-0.3,-4.1,-7.1,0.8,-1.2,16.3,-2.1,5.9,6.6,3.5
BROC820102,3.9,15.0,3.2,-2.5,-2.8,4.1,-2.8,14.7,-14.3,5.6,1.8,-3.5,-7.5,1.1,-2.3,17.8,2.0,3.8,11.0,2.1
BULH740101,-0.2,-2.46,-0.12,-0.35,0.08,-1.47,-0.2,-2.33,-0.45,-0.98,0.16,-0.39,-0.3,-0.52,0.0,-2.01,-0.12,-2.24,-2.26,-1.56
BULH740102,0.691,0.842,0.728,0.767,0.596,0.709,0.558,0.756,0.624,0.73,0.649,0.594,0.632,0.655,0.592,0.743,0.646,0.743,0.809,0.777
BUNA790101,8.249,8.423,8.274,8.408,8.747,8.418,8.41,8.228,8.312,0.0,8.411,8.38,8.368,8.236,8.391,8.094,8.415,8.183,8.195,8.436
BUNA790102,4.349,4.385,4.396,4.358,4.755,4.513,4.765,4.663,4.686,4.471,4.373,4.498,4.295,4.346,3.972,4.702,4.63,4.604,4.224,4.184
BUNA790103,6.5,6.5,6.9,6.5,7.5,0.0,7.0,9.4,7.7,0.0,6.0,6.5,7.0,6.9,5.6,0.0,8.0,6.8,7.0,7.0
BURA740101,0.486,0.42,0.262,0.402,0.193,0.417,0.288,0.318,0.2,0.208,0.418,0.2,0.538,0.272,0.12,0.462,0.4,0.161,0.37,0.379
BURA740102,0.288,0.4,0.362,0.265,0.229,0.375,0.271,0.318,0.533,0.34,0.327,0.354,0.262,0.388,0.312,0.231,0.2,0.429,0.411,0.495
CHAM810101,0.52,0.98,0.68,0.68,0.76,0.78,0.76,0.7,0.62,0.36,0.68,0.53,0.68,0.5,0.0,0.7,0.7,0.7,1.02,0.76
CHAM820101,0.046,0.186,0.291,0.219,0.134,0.221,0.105,0.29,0.128,0.131,0.18,0.062,0.151,0.108,0.0,0.409,0.23,0.298,0.186,0.14
CHAM820102,-0.368,1.07,-1.03,0.0,0.0,0.656,2.06,1.06,4.53,-2.24,0.731,-0.524,1.77,0.0,-0.525,1.6,0.0,4.91,0.791,0.401
CHAM830101,0.71,0.69,1.06,0.99,1.37,0.59,1.21,0.71,1.19,1.61,0.87,1.34,0.84,1.08,1.52,0.76,1.07,1.07,0.66,0.63
CHAM830102,-0.118,-0.052,0.124,0.032,0.289,-0.258,0.048,0.015,0.083,0.0,-0.105,0.225,-0.245,0.166,0.104,0.158,0.138,0.094,0.23,0.513
CHAM830103,0.0,1.0,1.0,1.0,1.0,1.0,1.0,1.0,1.0,0.0,1.0,1.0,1.0,2.0,0.0,1.0,1.0,1.0,2.0,2.0
CHAM830104,0.0,2.0,1.0,1.0,1.0,1.0,1.0,1.0,0.0,0.0,1.0,0.0,1.0,0.0,0.0,1.0,1.0,1.0,1.0,0.0
CHAM830105,0.0,0.0,1.0,1.0,0.0,1.0,0.0,1.0,0.0,0.0,1.0,0.0,1.0,0.0,0.0,1.5,1.0,1.0,0.0,0.0
CHAM830106,0.0,2.0,5.0,4.0,2.0,3.0,2.0,4.0,1.0,0.0,3.0,1.0,3.0,1.0,0.0,5.0,3.0,5.0,2.0,1.0
CHAM830107,0.0,0.0,0.0,0.0,1.0,0.0,1.0,0.0,0.0,0.0,0.0,0.0,1.0,0.0,1.0,0.0,0.0,0.0,0.0,0.0
CHAM830108,0.0,0.0,1.0,1.0,1.0,1.0,0.0,1.0,1.0,0.0,1.0,0.0,0.0,0.0,0.0,1.0,1.0,1.0,0.0,0.0
CHOC750101,91.5,167.9,202.0,171.3,135.2,170.8,124.5,203.4,117.7,129.3,161.1,99.1,155.1,122.1,66.4,237.6,167.3,203.6,168.8,141.7
CHOC760101,115.0,170.0,225.0,200.0,160.0,185.0,150.0,210.0,135.0,145.0,180.0,115.0,190.0,140.0,75.0,255.0,195.0,230.0,175.0,155.0
CHOC760102,25.0,23.0,90.0,97.0,63.0,31.0,50.0,24.0,19.0,50.0,71.0,44.0,49.0,47.0,23.0,32.0,43.0,60.0,18.0,18.0
CHOC760103,0.38,0.45,0.01,0.03,0.12,0.4,0.15,0.5,0.45,0.18,0.07,0.22,0.18,0.23,0.36,0.27,0.17,0.15,0.6,0.54
CHOC760104,0.2,0.16,0.0,0.0,0.03,0.11,0.04,0.14,0.22,0.04,0.01,0.08,0.03,0.08,0.18,0.04,0.02,0.03,0.19,0.18
CHOP780101,0.66,0.59,0.95,1.01,1.56,0.6,1.46,0.6,1.19,1.52,0.98,1.43,0.74,0.96,1.56,0.96,0.95,1.14,0.47,0.5
CHOP780201,1.42,1.21,0.98,1.16,0.67,1.45,1.01,1.13,0.7,0.57,1.11,0.77,1.51,0.83,0.57,1.08,1.0,0.69,1.08,1.06
CHOP780202,0.83,1.3,0.93,0.74,0.89,1.05,0.54,1.38,1.19,0.55,1.1,0.75,0.37,1.19,0.75,1.37,0.87,1.47,1.6,1.7
CHOP780203,0.74,0.5,1.01,1.19,1.46,0.6,1.52,0.66,0.96,1.56,0.96,1.43,0.95,0.98,1.56,0.6,0.95,1.14,0.47,0.59
CHOP780204,1.29,0.58,0.44,0.66,0.81,0.71,2.02,0.61,0.66,2.01,1.22,0.74,2.44,1.08,0.76,1.47,0.73,0.68,0.67,0.61
CHOP780205,1.2,1.13,1.25,1.83,0.59,1.57,0.61,1.1,1.11,0.0,1.22,0.96,1.24,0.75,0.42,0.4,1.77,0.73,0.98,1.25
CHOP780206,0.7,0.85,0.34,1.01,1.42,0.83,0.98,0.93,0.65,1.1,0.75,1.55,1.04,1.09,1.41,0.62,1.22,0.99,0.78,0.75
CHOP780207,0.52,0.84,1.24,1.49,1.64,0.52,1.06,1.04,0.94,1.58,0.7,0.93,0.59,0.86,1.64,0.16,1.86,0.96,0.87,0.32
CHOP780208,0.86,1.3,0.9,1.0,0.66,1.43,0.38,1.5,0.87,0.66,1.65,0.63,0.35,1.17,0.63,1.49,0.54,1.07,1.94,1.69
CHOP780209,0.75,1.27,0.9,0.74,1.21,0.95,0.85,1.5,1.11,0.4,0.65,0.79,0.55,0.75,0.74,1.19,0.9,1.96,1.35,1.79
CHOP780210,0.67,0.46,0.89,1.09,1.86,0.52,1.39,0.3,1.34,1.58,1.09,1.41,0.92,1.09,1.46,0.48,0.78,1.23,0.59,0.42
CHOP780211,0.74,0.59,1.05,0.82,1.13,0.85,1.32,0.44,0.53,1.69,0.77,1.49,0.85,1.16,1.68,1.59,0.96,1.01,0.53,0.59
CHOP780212,0.06,0.061,0.07,0.055,0.161,0.068,0.147,0.059,0.149,0.102,0.074,0.12,0.056,0.086,0.102,0.077,0.14,0.082,0.043,0.062
CHOP780213,0.076,0.025,0.106,0.115,0.083,0.082,0.11,0.041,0.053,0.301,0.098,0.139,0.06,0.108,0.085,0.013,0.047,0.065,0.034,0.048
CHOP780214,0.035,0.036,0.099,0.072,0.191,0.014,0.179,0.065,0.117,0.034,0.037,0.125,0.077,0.065,0.19,0.064,0.093,0.114,0.013,0.028
CHOP780215,0.058,0.07,0.085,0.095,0.091,0.055,0.081,0.065,0.128,0.068,0.098,0.106,0.064,0.079,0.152,0.167,0.054,0.125,0.056,0.053
CHOP780216,0.64,0.36,1.05,1.13,1.56,0.51,1.61,0.62,0.92,2.04,0.84,1.52,0.8,0.98,1.63,0.48,0.77,1.08,0.29,0.43
CIDH920101,-0.45,1.29,-0.24,-0.36,-0.2,1.37,-1.52,1.48,0.79,-0.12,-0.99,-0.98,-0.8,-0.7,-1.0,1.38,1.07,1.49,0.76,1.26
CIDH920102,-0.08,1.24,-0.09,-0.09,-0.7,1.27,-0.71,1.53,0.76,-0.01,-0.4,-0.93,-1.31,-0.59,-0.84,2.25,0.43,1.53,1.39,1.09
CIDH920103,0.36,1.18,-0.52,-0.56,-0.9,1.21,-1.09,1.01,0.7,-0.06,-1.05,-0.6,-0.83,-1.2,-0.82,1.31,0.16,1.05,2.17,1.21
CIDH920104,0.17,0.96,-0.7,-0.62,-0.9,0.6,-1.05,1.29,1.24,-0.21,-1.2,-0.83,-1.19,-0.62,-0.57,1.51,-0.25,0.66,2.06,1.21
CIDH920105,0.02,1.14,-0.42,-0.41,-0.77,1.0,-1.04,1.35,0.77,-0.09,-1.1,-0.97,-1.14,-0.77,-0.8,1.71,0.26,1.11,1.81,1.13
COHE430101,0.75,0.9,0.7,0.82,0.61,0.75,0.6,0.77,0.61,0.76,0.67,0.68,0.66,0.7,0.64,0.74,0.67,0.71,0.9,0.86
CRAJ730101,1.33,1.29,0.79,1.03,0.72,1.4,0.97,1.15,0.93,0.49,1.42,0.83,1.66,0.94,0.58,1.33,1.49,0.49,0.99,0.96
CRAJ730102,1.0,1.53,0.74,1.18,0.75,1.4,0.89,1.26,0.99,0.36,0.87,0.65,0.37,1.15,0.56,0.84,0.36,1.41,1.75,1.61
CRAJ730103,0.6,0.7,0.79,1.1,1.42,0.67,1.24,1.05,1.29,1.47,0.92,1.26,0.64,1.05,1.38,1.23,0.95,1.35,0.67,0.48
DAWD720101,2.5,5.5,7.5,7.0,5.0,6.0,2.5,6.5,3.0,5.5,6.0,3.0,5.0,5.0,0.5,7.0,6.0,7.0,5.5,5.0
DAYM780101,8.6,7.4,4.9,6.6,4.3,1.7,5.5,3.6,2.9,5.2,3.9,7.0,6.0,6.1,8.4,1.3,2.0,3.4,4.5,6.6
DAYM780201,100.0,40.0,65.0,56.0,134.0,94.0,106.0,41.0,20.0,56.0,93.0,120.0,102.0,97.0,49.0,18.0,66.0,41.0,96.0,74.0
DESM900101,1.56,1.38,0.59,0.15,0.51,1.93,0.23,1.42,1.8,0.27,0.39,0.96,0.19,1.11,1.03,0.91,1.0,1.1,1.27,1.58
DESM900102,1.26,1.36,0.38,0.33,0.59,1.52,0.27,1.46,1.6,0.54,0.39,0.98,0.23,1.01,1.08,1.06,1.0,0.89,1.44,1.33
EISD840101,0.25,0.53,-1.76,-1.1,-0.64,0.26,-0.72,0.61,0.04,-0.07,-0.69,-0.26,-0.62,-0.18,0.16,0.37,-0.4,0.02,0.73,0.54
EISD860101,0.67,1.9,-2.1,-0.57,-0.6,2.4,-1.2,2.3,0.38,1.2,-0.22,0.01,-0.76,0.52,0.0,2.6,0.64,1.6,1.9,1.5
EISD860102,0.0,1.0,10.0,5.7,1.3,1.9,1.9,1.1,0.17,0.18,1.9,0.73,3.0,1.5,0.0,1.6,0.99,1.8,1.2,0.48
EISD860103,0.0,0.89,-0.96,-0.99,-0.86,0.94,-0.98,0.92,0.76,0.22,-1.0,-0.67,-0.89,0.09,0.0,0.67,-0.75,-0.93,0.99,0.84
FASG760101,89.09,131.17,174.2,146.19,132.12,149.21,133.1,165.19,121.15,115.13,146.15,105.09,147.13,119.12,75.07,204.24,155.16,181.19,131.17,117.15
FASG760102,297.0,337.0,238.0,224.0,236.0,283.0,270.0,284.0,178.0,222.0,185.0,228.0,249.0,253.0,290.0,282.0,277.0,344.0,284.0,293.0
FASG760103,1.8,-11.0,12.5,14.6,-5.6,-10.0,5.05,-34.5,-16.5,-86.2,6.3,-7.5,12.0,-28.0,0.0,-33.7,-38.5,-10.0,12.4,5.63
FASG760104,9.69,9.6,8.99,9.18,8.8,9.21,9.6,9.18,8.35,10.64,9.13,9.21,9.67,9.1,9.78,9.44,9.17,9.11,9.68,9.62
FASG760105,2.34,2.36,1.82,2.16,2.02,2.28,1.88,2.16,1.92,1.95,2.17,2.19,2.1,2.09,2.35,2.43,1.82,2.2,2.36,2.32
FAUJ830101,0.31,1.7,-1.01,-0.99,-0.6,1.23,-0.77,1.79,1.54,0.72,-0.22,-0.04,-0.64,0.26,0.0,2.25,0.13,0.96,1.8,1.22
FAUJ880101,1.28,2.59,2.34,1.89,1.6,2.35,1.6,2.94,1.77,2.67,1.56,1.31,1.56,3.03,0.0,3.21,2.99,2.94,4.19,3.67
FAUJ880102,0.53,0.92,0.69,0.78,0.58,0.77,0.59,0.71,0.66,0.0,0.71,0.55,0.72,0.63,0.0,0.84,0.64,0.71,0.96,0.89
FAUJ880103,1.0,4.0,6.13,4.77,2.95,4.43,2.78,5.89,2.43,2.72,3.95,1.6,3.78,2.6,0.0,8.08,4.66,6.47,4.0,3.0
FAUJ880104,2.87,4.92,7.82,6.89,4.58,6.36,4.74,4.62,4.47,4.11,6.11,3.97,5.97,4.11,2.06,7.68,5.23,4.73,4.92,4.11
FAUJ880105,1.52,1.52,1.52,1.52,1.52,1.52,1.52,1.52,1.52,1.52,1.52,1.52,1.52,1.73,1.0,1.52,1.52,1.52,1.9,1.9
FAUJ880106,2.04,4.45,6.24,4.87,4.37,4.8,3.78,6.02,3.41,4.31,3.53,2.7,3.31,3.17,1.0,5.9,5.66,6.72,3.49,3.17
FAUJ880107,7.3,10.1,11.1,10.9,8.0,10.4,9.2,13.9,14.4,17.8,10.6,13.1,11.4,16.7,0.0,13.2,10.2,13.9,16.1,17.2
FAUJ880108,-0.01,-0.01,0.04,0.0,0.06,0.04,0.15,0.03,0.12,0.0,0.05,0.11,0.07,0.04,0.0,0.0,0.08,0.03,-0.01,0.01
FAUJ880109,0.0,0.0,4.0,2.0,2.0,0.0,1.0,0.0,0.0,0.0,2.0,1.0,1.0,1.0,0.0,1.0,1.0,1.0,0.0,0.0
FAUJ880110,0.0,0.0,3.0,1.0,3.0,0.0,4.0,0.0,0.0,0.0,3.0,2.0,4.0,2.0,0.0,0.0,1.0,2.0,0.0,0.0
FAUJ880111,0.0,0.0,1.0,1.0,0.0,0.0,0.0,0.0,0.0,0.0,0.0,0.0,0.0,0.0,0.0,0.0,1.0,0.0,0.0,0.0
FAUJ880112,0.0,0.0,0.0,0.0,0.0,0.0,1.0,0.0,0.0,0.0,0.0,0.0,1.0,0.0,0.0,0.0,0.0,0.0,0.0,0.0
FAUJ880113,4.76,4.79,4.3,4.27,3.64,4.25,5.69,4.31,3.67,0.0,4.54,3.83,5.48,3.87,3.77,4.75,2.84,4.3,4.81,4.86
FINA770101,1.08,1.25,1.05,1.15,0.85,1.15,0.85,1.1,0.95,0.71,0.95,0.75,1.15,0.75,0.55,1.1,1.0,1.1,1.05,0.95
FINA910101,1.0,1.0,0.7,0.7,1.7,1.0,3.2,1.0,1.0,1.0,1.0,1.7,1.7,1.7,1.0,1.0,1.0,1.0,0.6,0.6
FINA910102,1.0,1.0,0.7,0.7,1.0,1.0,1.7,1.0,1.0,13.0,1.0,1.0,1.7,1.0,1.3,1.0,1.0,1.0,1.0,1.0
FINA910103,1.2,1.0,1.7,1.7,1.2,1.0,0.7,1.0,1.0,1.0,1.0,1.5,0.7,1.0,0.8,1.0,1.2,1.0,0.8,0.8
FINA910104,1.0,1.0,1.7,1.7,1.0,1.0,0.7,1.0,1.0,0.1,1.0,1.0,0.7,1.0,1.5,1.0,1.0,1.0,1.0,1.0
GARJ730101,0.28,1.0,0.1,0.09,0.25,0.74,0.21,2.18,0.28,0.39,0.35,0.12,0.33,0.21,0.17,5.7,0.21,1.26,0.82,0.6
GEIM800101,1.29,1.31,1.0,1.33,0.81,1.54,1.1,1.13,0.79,0.63,1.07,0.78,1.49,0.77,0.63,1.18,1.33,0.71,1.05,0.81
GEIM800102,1.13,1.13,1.09,1.08,1.06,1.23,0.94,1.01,1.32,0.82,0.93,1.01,1.2,1.17,0.83,1.32,1.09,0.88,1.05,1.13
GEIM800103,1.55,1.25,0.2,1.2,1.2,1.37,1.55,0.4,1.44,0.21,1.13,1.01,1.67,0.55,0.59,1.86,1.21,1.08,1.27,0.64
GEIM800104,1.19,1.18,1.0,1.27,0.94,1.49,1.07,1.02,0.95,0.68,1.32,0.81,1.64,0.85,0.6,1.18,1.03,0.77,1.12,0.74
GEIM800105,0.84,1.1,1.04,0.86,0.66,0.88,0.59,1.15,1.27,0.8,1.02,1.05,0.57,1.2,0.94,1.15,0.81,1.39,1.29,1.56
GEIM800106,0.86,1.28,1.15,1.01,0.6,1.15,0.66,1.34,0.91,0.61,1.11,0.91,0.37,1.14,0.86,1.13,1.07,1.37,1.17,1.31
GEIM800107,0.91,1.23,0.99,0.86,0.72,0.96,0.74,1.26,1.12,0.65,0.9,0.93,0.41,1.05,0.91,1.15,1.01,1.21,1.29,1.58
GEIM800108,0.91,0.59,1.0,0.82,1.64,0.58,1.4,0.72,0.93,1.66,0.94,1.23,0.97,1.04,1.51,0.67,0.9,0.92,0.65,0.6
GEIM800109,0.8,0.8,0.96,0.94,1.1,0.39,1.6,1.2,0.0,2.1,1.6,1.3,0.4,0.6,2.0,0.0,0.96,1.8,0.85,0.8
GEIM800110,1.1,0.52,0.93,0.94,1.57,0.69,1.41,0.6,1.05,1.77,0.81,1.13,1.4,0.88,1.3,0.62,0.85,0.41,0.67,0.58
GEIM800111,0.93,0.59,1.01,0.91,1.36,0.6,1.22,0.71,0.92,1.67,0.83,1.25,1.05,1.08,1.45,0.68,0.96,0.98,0.58,0.62
GOLD730101,0.75,2.4,0.75,1.5,0.69,1.3,0.0,2.65,1.0,2.6,0.59,0.0,0.0,0.45,0.0,3.0,0.0,2.85,2.95,1.7
GOLD730102,88.3,168.5,181.2,175.6,125.1,162.2,110.8,189.0,112.4,122.2,148.7,88.7,140.5,118.2,60.0,227.0,152.6,193.0,168.5,141.4
GRAR740101,0.0,0.0,0.65,0.33,1.33,0.0,1.38,0.0,2.75,0.39,0.89,1.42,0.92,0.71,0.74,0.13,0.58,0.2,0.0,0.0
GRAR740102,8.1,4.9,10.5,11.3,11.6,5.7,13.0,5.2,5.5,8.0,10.5,9.2,12.3,8.6,9.0,5.4,10.4,6.2,5.2,5.9
GRAR740103,31.0,111.0,124.0,119.0,56.0,105.0,54.0,132.0,55.0,32.5,85.0,32.0,83.0,61.0,3.0,170.0,96.0,136.0,111.0,84.0
GUYH850101,0.1,-1.18,1.91,1.4,0.48,-1.59,0.78,-2.12,-1.42,0.73,0.95,0.52,0.83,0.07,0.33,-0.51,-0.5,-0.21,-1.13,-1.27
HOPA770101,1.0,0.8,2.3,5.3,2.2,0.7,6.5,1.4,0.1,0.9,2.1,1.7,6.2,1.5,1.1,1.9,2.8,2.1,0.8,0.9
HOPT810101,-0.5,-1.8,3.0,3.0,0.2,-1.3,3.0,-2.5,-1.0,0.0,0.2,0.3,3.0,-0.4,0.0,-3.4,-0.5,-2.3,-1.8,-1.5
HUTJ700101,29.22,48.03,26.37,57.1,38.3,69.32,37.09,48.52,50.7,36.13,44.02,32.4,41.84,35.2,23.71,56.92,59.64,51.73,45.0,40.35
HUTJ700102,30.88,50.62,68.43,63.21,41.7,55.32,40.66,51.06,53.83,39.21,46.62,35.65,44.98,36.5,24.74,60.0,65.99,51.15,49.71,42.75
HUTJ700103,154.33,232.3,341.01,300.46,207.9,202.65,194.91,204.74,219.79,179.93,235.51,174.06,223.16,205.8,127.9,237.01,242.54,229.15,233.21,207.6
ISOY800101,1.53,1.32,1.17,1.26,0.6,1.66,1.0,1.22,0.89,0.25,1.27,0.65,1.63,0.86,0.44,1.05,1.03,0.7,1.07,0.93
ISOY800102,0.86,1.01,0.98,0.77,0.74,1.06,0.69,1.16,1.39,1.16,0.89,1.09,0.66,1.24,0.7,1.17,1.06,1.28,1.31,1.4
ISOY800103,0.78,0.57,1.06,1.01,1.56,0.3,1.5,0.67,0.6,1.55,0.78,1.19,0.97,1.09,1.73,0.74,0.83,1.14,0.4,0.44
ISOY800104,1.09,0.44,0.97,1.25,1.14,0.45,0.77,0.5,0.5,2.96,0.83,1.21,0.92,1.33,1.25,0.62,0.67,0.94,0.66,0.56
ISOY800105,0.35,0.58,0.75,0.83,2.12,0.22,2.16,0.89,0.5,0.43,0.73,1.24,0.65,0.85,2.4,0.62,1.19,1.44,0.12,0.43
ISOY800106,1.09,1.3,1.07,1.2,0.88,0.55,1.24,0.8,1.04,1.78,1.09,1.2,1.14,0.99,0.27,1.03,1.07,0.69,0.97,0.77
ISOY800107,1.34,1.05,2.78,0.79,0.92,0.0,1.77,0.43,1.44,0.37,0.79,0.87,2.54,1.14,0.95,1.79,0.0,0.73,0.52,0.0
ISOY800108,0.47,0.53,0.52,0.98,2.16,0.68,1.15,0.61,0.41,0.63,0.95,1.03,0.64,0.39,3.03,0.63,0.89,0.83,0.62,0.76
JANJ780101,27.8,27.6,94.7,103.0,60.1,33.5,60.6,25.5,15.5,51.5,68.7,42.0,68.2,45.0,24.5,34.7,50.7,55.2,22.8,23.7
JANJ780102,51.0,60.0,5.0,3.0,22.0,52.0,19.0,58.0,74.0,25.0,16.0,35.0,16.0,30.0,52.0,49.0,34.0,24.0,66.0,64.0
JANJ780103,15.0,16.0,67.0,85.0,49.0,20.0,50.0,10.0,5.0,45.0,56.0,32.0,55.0,32.0,10.0,17.0,34.0,41.0,13.0,14.0
JANJ790101,1.7,2.4,0.1,0.05,0.4,1.9,0.4,2.2,4.6,0.6,0.3,0.8,0.3,0.7,1.8,1.6,0.8,0.5,3.1,2.9
JANJ790102,0.3,0.5,-1.4,-1.8,-0.5,0.4,-0.6,0.5,0.9,-0.3,-0.7,-0.1,-0.7,-0.2,0.3,0.3,-0.1,-0.4,0.7,0.6
JOND750101,0.87,2.17,0.85,1.64,0.09,1.67,0.66,2.87,1.52,2.77,0.0,0.07,0.67,0.07,0.1,3.77,0.87,2.67,3.15,1.87
JOND750102,2.34,2.36,1.18,2.18,2.02,2.28,2.01,1.83,1.65,1.99,2.17,2.21,2.19,2.1,2.34,2.38,1.82,2.2,2.36,2.32
JOND920101,0.077,0.091,0.051,0.059,0.043,0.024,0.052,0.04,0.02,0.051,0.041,0.069,0.062,0.059,0.074,0.014,0.023,0.032,0.053,0.066
JOND920102,100.0,54.0,83.0,72.0,104.0,93.0,86.0,51.0,44.0,58.0,84.0,117.0,77.0,107.0,50.0,25.0,91.0,50.0,103.0,98.0
JUKT750101,5.3,4.7,2.6,4.1,3.0,1.1,3.6,2.3,1.3,2.5,2.4,4.5,3.3,3.7,4.8,0.8,1.4,2.3,3.1,4.2
JUNJ780101,685.0,581.0,382.0,575.0,397.0,132.0,400.0,303.0,241.0,366.0,313.0,593.0,427.0,490.0,707.0,99.0,155.0,292.0,394.0,553.0
KANM800101,1.36,1.21,1.0,1.22,0.89,1.45,1.04,1.05,0.82,0.52,1.14,0.74,1.48,0.81,0.63,0.97,1.11,0.79,1.08,0.94
KANM800102,0.81,1.24,0.85,0.77,0.62,1.05,0.71,1.2,1.17,0.61,0.98,0.92,0.53,1.18,0.88,1.18,0.92,1.23,1.48,1.66
KANM800103,1.45,1.56,1.15,1.27,0.64,1.83,0.91,1.2,0.7,0.21,1.14,0.48,1.29,0.77,0.53,1.17,1.13,0.74,1.23,1.1
KANM800104,0.75,1.56,0.79,0.66,0.33,0.86,0.31,1.37,1.46,0.52,0.75,0.82,0.46,1.36,0.83,0.79,0.83,1.08,1.87,2.0
KARP850101,1.041,0.967,1.038,1.093,1.117,0.947,1.033,0.93,0.96,1.055,1.165,1.169,1.094,1.073,1.142,0.925,0.982,0.961,1.002,0.982
KARP850102,0.946,0.961,1.028,1.082,1.006,0.862,1.089,0.912,0.878,1.085,1.025,1.048,1.036,1.051,1.042,0.917,0.952,0.93,0.892,0.927
KARP850103,0.892,0.921,0.901,1.057,0.93,0.804,0.932,0.914,0.925,0.932,0.885,0.923,0.933,0.934,0.923,0.803,0.894,0.837,0.872,0.913
KHAG800101,49.1,15.6,133.0,0.0,-3.6,6.8,0.0,54.7,0.0,43.8,20.0,44.4,0.0,31.0,64.6,70.5,75.7,0.0,18.9,29.5
KLEP840101,0.0,0.0,1.0,1.0,0.0,0.0,-1.0,0.0,0.0,0.0,0.0,0.0,-1.0,0.0,0.0,0.0,0.0,0.0,0.0,0.0
KRIW710101,4.6,3.25,6.5,7.9,5.9,1.4,5.7,3.2,-1.0,7.0,6.1,5.25,5.6,4.8,7.6,4.0,4.5,4.35,2.6,3.4
KRIW790101,4.32,3.93,6.55,7.92,6.24,2.44,6.04,2.59,1.73,7.19,6.13,5.37,6.17,5.16,6.09,2.78,5.66,3.58,2.31,3.31
KRIW790102,0.28,0.16,0.34,0.59,0.31,0.08,0.33,0.1,0.11,0.46,0.39,0.27,0.37,0.26,0.28,0.15,0.23,0.25,0.12,0.22
KRIW790103,27.5,93.5,105.0,100.0,58.7,94.1,40.0,115.5,44.6,41.9,80.7,29.3,62.0,51.3,0.0,145.5,79.0,117.3,93.5,71.5
KYTJ820101,1.8,3.8,-4.5,-3.9,-3.5,1.9,-3.5,2.8,2.5,-1.6,-3.5,-0.8,-3.5,-0.7,-0.4,-0.9,-3.2,-1.3,4.5,4.2
LAWE840101,-0.48,1.02,-0.06,-0.09,-0.87,0.81,-0.75,1.03,-0.32,2.03,-0.32,0.05,-0.71,-0.35,0.0,0.66,-0.51,1.24,0.81,0.56
LEVM760101,-0.5,-1.8,3.0,3.0,0.2,-1.3,2.5,-2.5,-1.0,-1.4,0.2,0.3,2.5,-0.4,0.0,-3.4,-0.5,-2.3,-1.8,-1.5
LEVM760102,0.77,2.08,3.72,2.94,1.98,2.34,1.99,2.97,1.38,1.42,2.58,1.28,2.63,1.43,0.0,3.58,2.76,3.36,1.83,1.49
LEVM760103,121.9,118.1,121.4,122.0,117.5,113.1,121.2,118.2,113.7,81.9,118.0,117.9,118.2,117.1,0.0,118.4,118.2,110.0,118.9,121.7
LEVM760104,243.2,205.6,206.6,210.9,207.1,204.0,215.0,203.7,209.4,237.4,205.4,232.0,213.6,226.7,300.0,203.7,219.9,195.6,217.9,220.3
LEVM760105,0.77,1.54,2.38,2.08,1.45,1.8,1.43,1.9,1.22,1.25,1.75,1.08,1.77,1.24,0.58,2.21,1.78,2.13,1.56,1.29
LEVM760106,5.2,7.0,6.0,6.0,5.0,6.8,5.0,7.1,6.1,6.2,6.0,4.9,6.0,5.0,4.2,7.6,6.0,7.1,7.0,6.4
LEVM760107,0.025,0.19,0.2,0.2,0.1,0.19,0.1,0.39,0.1,0.17,0.1,0.025,0.1,0.1,0.025,0.56,0.1,0.39,0.19,0.15
LEVM780101,1.29,1.3,0.96,1.23,0.9,1.47,1.04,1.07,1.11,0.52,1.27,0.82,1.44,0.82,0.56,0.99,1.22,0.72,0.97,0.91
LEVM780102,0.9,1.02,0.99,0.77,0.76,0.97,0.72,1.32,0.74,0.64,0.8,0.95,0.75,1.21,0.92,1.14,1.08,1.25,1.45,1.49
LEVM780103,0.77,0.58,0.88,0.96,1.28,0.41,1.41,0.59,0.81,1.91,0.98,1.32,0.99,1.04,1.64,0.76,0.68,1.05,0.51,0.47
LEVM780104,1.32,1.31,0.98,1.25,0.95,1.39,1.03,1.02,0.92,0.58,1.1,0.76,1.44,0.79,0.61,0.97,1.31,0.73,0.93,0.93
LEVM780105,0.86,1.04,0.97,0.77,0.73,0.93,0.69,1.21,1.04,0.68,1.0,1.02,0.66,1.27,0.89,1.26,0.85,1.31,1.47,1.43
LEVM780106,0.79,0.57,0.9,0.99,1.25,0.51,1.47,0.77,0.79,1.78,0.92,1.3,1.02,0.97,1.67,0.79,0.81,0.93,0.5,0.46
LEWP710101,0.22,0.19,0.28,0.27,0.42,0.38,0.73,0.08,0.2,0.46,0.26,0.55,0.08,0.49,0.58,0.43,0.14,0.46,0.22,0.08
LIFS790101,0.92,1.3,0.93,0.7,0.6,1.19,0.48,1.25,1.16,0.4,0.95,0.82,0.61,1.12,0.61,1.54,0.93,1.53,1.81,1.81
LIFS790102,1.0,1.42,0.68,0.59,0.54,1.49,0.5,1.3,0.91,0.35,0.28,0.7,0.59,0.59,0.79,0.89,0.38,1.08,2.6,2.63
LIFS790103,0.9,1.26,1.02,0.74,0.62,1.09,0.47,1.23,1.24,0.42,1.18,0.87,0.62,1.3,0.56,1.75,1.12,1.68,1.54,1.53
MANP780101,12.97,14.9,11.72,11.36,11.42,14.39,10.85,14.0,14.63,11.37,11.76,11.23,11.89,11.69,12.43,13.93,12.16,13.42,15.67,15.71
MAXF760101,1.43,1.36,1.18,1.27,0.64,1.53,0.92,1.19,0.94,0.49,1.22,0.7,1.67,0.78,0.46,1.01,0.98,0.69,1.04,0.98
MAXF760102,0.86,0.98,0.94,0.79,0.74,1.08,0.72,1.16,1.17,1.22,0.89,1.04,0.62,1.18,0.97,1.07,1.06,1.25,1.24,1.33
MAXF760103,0.64,0.37,0.62,0.89,3.14,1.07,1.92,0.86,0.32,0.5,0.8,1.01,1.01,0.92,0.63,1.0,2.05,1.31,0.92,0.87
MAXF760104,0.17,0.21,0.76,1.17,2.62,0.0,1.08,0.28,0.95,0.12,0.91,0.57,0.28,0.23,5.02,0.0,0.57,0.97,0.26,0.24
MAXF760105,1.13,0.65,0.48,1.13,1.11,0.0,1.18,0.45,0.38,0.0,0.41,0.81,1.02,0.71,3.84,0.93,0.3,0.38,0.4,0.48
MAXF760106,1.0,1.01,1.18,1.05,0.87,0.36,1.39,0.65,1.09,1.95,1.13,1.56,1.04,1.23,0.46,1.1,0.71,0.87,0.68,0.58
MCMT640101,4.34,18.78,26.66,21.29,13.28,21.64,12.0,29.4,35.77,10.93,17.56,6.35,17.26,11.01,0.0,42.53,21.81,31.53,19.06,13.92
MEEJ800101,0.5,8.8,0.8,0.1,0.8,4.8,-8.2,13.2,-6.8,6.1,-4.8,1.2,-16.9,2.7,0.0,14.9,-3.5,6.1,13.9,2.7
MEEJ800102,-0.1,10.0,-4.5,-3.2,-1.6,7.1,-2.8,13.9,-2.2,8.0,-2.5,-3.7,-7.5,1.5,-0.5,18.1,0.8,8.2,11.8,3.3
MEEJ810101,1.1,11.0,-0.4,-1.9,-4.2,5.4,-1.6,13.4,7.1,4.4,-2.9,-3.2,0.7,-1.7,-0.2,17.1,-0.7,7.4,8.5,5.9
MEEJ810102,1.0,9.6,-2.0,-3.0,-3.0,4.0,-0.5,12.6,4.6,3.1,-2.0,-2.9,1.1,-0.6,0.2,15.1,-2.2,6.7,7.0,4.6
MEIH800101,0.93,0.85,0.98,1.05,0.98,0.84,1.01,0.78,0.88,1.0,1.02,1.02,1.02,0.99,1.01,0.83,0.89,0.93,0.79,0.81
MEIH800102,0.94,0.82,1.09,1.23,1.04,0.83,1.08,0.73,0.84,1.04,1.11,1.04,1.12,1.02,1.01,0.87,0.92,1.03,0.76,0.81
MEIH800103,87.0,104.0,81.0,65.0,70.0,100.0,71.0,108.0,104.0,78.0,66.0,83.0,72.0,83.0,90.0,94.0,90.0,83.0,105.0,94.0
MIYS850101,2.36,3.93,1.92,1.23,1.7,4.22,1.67,4.37,3.36,1.89,1.75,1.81,1.74,2.04,2.06,3.82,2.41,2.91,4.17,3.49
NAGK730101,1.29,1.23,0.83,1.23,0.77,1.23,1.0,1.23,0.94,0.7,1.1,0.78,1.54,0.87,0.72,1.06,1.29,0.63,0.94,0.97
NAGK730102,0.96,1.26,0.67,0.81,0.72,1.29,0.9,1.37,1.13,0.75,1.18,0.77,0.33,1.23,0.9,1.13,0.87,1.07,1.54,1.41
NAGK730103,0.72,0.63,1.33,0.84,1.38,0.62,1.04,0.58,1.01,1.43,0.81,1.34,0.75,1.03,1.35,0.87,0.76,1.35,0.8,0.83
NAKH900101,7.99,9.16,5.86,6.01,4.33,2.5,5.14,3.83,1.81,4.95,3.98,6.84,6.1,5.77,6.91,1.34,2.17,3.15,5.48,6.65
NAKH900102,3.73,3.4,3.34,3.36,2.33,1.37,2.23,1.94,2.3,3.18,2.36,2.83,3.0,2.63,3.36,1.15,1.55,1.76,2.52,2.53
NAKH900103,5.74,15.36,1.92,3.2,5.25,5.3,2.11,6.51,1.03,4.79,2.3,7.55,2.63,7.51,5.66,2.51,2.3,4.08,9.12,5.12
NAKH900104,-0.6,1.82,-1.18,-0.84,0.39,2.04,-1.36,1.38,-0.34,-0.05,-0.71,0.25,-1.16,0.66,-0.37,1.02,0.08,0.53,1.44,-0.6
NAKH900105,5.88,16.52,1.54,2.58,4.38,6.0,1.7,6.58,1.11,5.29,2.3,7.68,2.6,8.38,5.29,2.89,2.33,3.51,8.78,4.66
NAKH900106,-0.57,2.16,-1.29,-1.02,0.02,2.55,-1.54,1.42,-0.3,0.11,-0.71,0.3,-1.17,0.99,-0.48,1.35,0.1,0.2,1.31,-0.79
NAKH900107,5.39,12.64,2.81,4.67,7.31,3.68,3.07,6.34,0.86,3.62,2.31,7.24,2.7,5.44,6.52,1.64,2.23,5.42,9.94,6.18
NAKH900108,-0.7,1.02,-0.91,-0.4,1.28,0.86,-0.93,1.29,-0.41,-0.42,-0.71,0.14,-1.13,-0.13,-0.12,0.26,0.04,1.29,1.77,-0.19
NAKH900109,9.25,10.94,3.96,3.5,3.71,3.14,3.89,6.36,1.07,4.36,3.17,6.26,4.8,5.66,8.51,2.22,1.88,3.28,6.47,7.55
NAKH900110,0.34,0.52,-0.57,-0.75,-0.27,0.47,-0.56,1.3,-0.32,-0.19,-0.34,-0.2,-0.43,-0.04,0.48,0.77,-0.19,0.07,0.39,0.36
NAKH900111,10.17,16.22,1.21,1.04,1.36,4.12,1.18,9.6,1.48,2.24,1.57,5.38,1.15,5.61,8.87,2.67,1.07,2.68,10.91,11.44
NAKH900112,6.61,21.66,0.41,1.15,1.84,7.17,0.59,7.76,0.83,3.51,1.2,6.84,1.63,8.89,4.88,2.11,1.14,2.57,12.91,6.3
NAKH900113,1.61,1.37,0.4,0.62,0.73,1.59,0.75,1.24,0.37,0.67,0.61,0.68,1.5,0.92,3.12,1.63,0.46,0.67,1.61,1.3
NAKH920101,8.63,8.44,6.75,6.25,4.18,2.14,6.24,2.73,1.03,6.28,4.76,8.53,7.82,4.43,6.8,0.8,2.7,2.54,3.48,5.44
NAKH920102,10.88,8.03,6.01,6.11,5.75,3.79,6.13,2.93,0.69,7.21,4.68,7.25,9.34,3.51,7.72,0.47,2.15,1.01,1.8,4.57
NAKH920103,5.15,8.11,4.38,5.25,4.81,1.6,5.75,3.52,3.24,5.65,4.45,8.04,7.05,7.41,6.38,1.68,2.69,3.42,4.4,7.0
NAKH920104,5.04,9.88,3.73,6.31,5.94,1.85,5.26,3.72,2.2,6.22,4.5,8.05,6.07,5.2,7.09,2.1,2.99,3.32,4.32,6.19
NAKH920105,9.9,22.28,0.09,0.16,0.94,1.85,0.35,6.47,2.55,2.38,0.87,4.17,0.08,4.33,8.14,2.21,0.2,3.42,15.25,14.34
NAKH920106,6.69,8.23,6.65,8.36,4.49,2.46,4.97,3.59,1.7,5.2,5.39,7.4,7.76,5.18,6.32,1.06,2.11,2.75,4.51,5.27
NAKH920107,5.08,8.03,4.75,4.93,5.75,2.61,5.96,4.36,2.95,4.84,4.24,6.41,6.04,5.87,8.2,2.31,2.1,4.55,4.95,6.07
NAKH920108,9.36,16.64,0.27,0.58,2.31,3.93,0.94,10.99,2.56,1.96,1.14,5.58,0.94,4.68,6.17,2.2,0.47,3.13,13.73,12.43
NISK800101,0.23,1.03,-0.26,-1.05,-0.94,0.66,-1.13,0.48,1.78,-0.76,-0.57,-0.67,-0.75,-0.36,-0.07,0.9,0.11,0.59,1.19,1.24
NISK860101,-0.22,5.01,-0.93,-4.18,-2.65,3.51,-4.12,5.27,4.66,-3.03,-2.76,-2.84,-3.64,-1.2,-1.62,5.2,1.28,2.15,5.58,4.45
NOZY710101,0.5,1.8,0.0,0.0,0.0,1.3,0.0,2.5,0.0,0.0,0.0,0.0,0.0,0.4,0.0,3.4,0.5,2.3,1.8,1.5
OOBM770101,-1.895,-1.966,-1.475,-1.374,-1.56,-1.963,-1.518,-1.864,-2.035,-1.699,-1.521,-1.753,-1.535,-1.767,-1.898,-1.869,-1.755,-1.686,-1.951,-1.981
OOBM770102,-1.404,-1.315,-0.921,-1.074,-1.178,-1.303,-1.162,-1.135,-1.365,-1.236,-1.116,-1.297,-1.163,-1.252,-1.364,-1.03,-1.215,-1.03,-1.189,-1.254
OOBM770103,-0.491,-0.65,-0.554,-0.3,-0.382,-0.659,-0.356,-0.729,-0.67,-0.463,-0.405,-0.455,-0.371,-0.515,-0.534,-0.839,-0.54,-0.656,-0.762,-0.728
OOBM770104,-9.475,-15.728,-16.225,-12.366,-12.48,-15.704,-12.144,-20.504,-12.21,-11.893,-13.689,-10.518,-13.815,-12.369,-7.592,-26.166,-17.55,-20.232,-15.608,-13.867
OOBM770105,-7.02,-10.52,-10.131,-9.666,-9.424,-10.424,-9.296,-12.485,-8.19,-8.652,-10.044,-7.782,-10.467,-8.764,-5.456,-14.42,-12.15,-12.36,-9.512,-8.778
OOBM850101,2.01,2.73,0.84,2.55,0.03,1.75,-2.05,2.68,1.98,0.41,1.02,1.47,0.93,2.39,0.12,2.49,-0.14,2.23,3.7,3.5
OOBM850102,1.34,0.54,0.95,0.61,2.49,0.7,3.32,0.8,1.07,2.12,1.49,0.94,2.2,1.09,2.07,-4.65,1.27,-0.17,0.66,1.32
OOBM850103,0.46,0.43,-1.54,-1.71,1.31,0.15,-0.33,0.52,0.2,-0.58,-1.12,-0.83,0.48,-1.52,0.64,1.25,-1.31,-2.21,3.28,0.54
OOBM850104,-2.49,-7.16,2.55,-9.97,2.27,-4.96,8.86,-6.64,-3.13,5.19,1.79,-1.6,4.04,-4.75,-0.56,-17.84,4.22,9.25,-10.87,-3.97
OOBM850105,4.55,3.24,5.97,10.68,5.56,2.18,2.85,4.37,-0.78,5.14,4.15,6.78,5.16,8.6,9.14,1.97,4.48,2.4,2.1,3.81
PALJ810101,1.3,1.3,0.93,1.23,0.9,1.32,1.02,1.09,0.92,0.63,1.04,0.78,1.43,0.8,0.63,1.03,1.33,0.71,0.87,0.95
PALJ810102,1.32,1.22,1.04,1.13,0.74,1.47,0.97,1.1,0.7,0.57,1.25,0.77,1.48,0.86,0.59,1.02,1.06,0.72,1.01,1.05
PALJ810103,0.81,1.03,1.03,0.77,0.81,0.96,0.71,1.13,1.12,0.75,1.03,1.02,0.59,1.19,0.94,1.24,0.85,1.35,1.47,1.44
PALJ810104,0.9,1.24,0.75,0.75,0.82,0.94,0.75,1.41,1.12,0.46,0.95,0.7,0.44,1.2,0.83,1.28,0.86,1.45,1.59,1.73
PALJ810105,0.84,0.49,0.91,0.95,1.48,0.52,1.28,0.88,0.69,1.47,1.0,1.29,0.78,1.05,1.76,0.88,0.53,1.28,0.55,0.51
PALJ810106,0.65,0.56,0.93,0.95,1.45,0.71,1.47,0.72,1.43,1.51,0.94,1.46,0.75,0.96,1.53,0.9,0.96,1.12,0.57,0.55
PALJ810107,1.08,1.04,0.93,1.01,1.05,1.11,0.86,0.96,1.22,0.91,0.95,0.95,1.09,1.15,0.85,1.17,1.02,0.8,0.98,1.03
PALJ810108,1.34,1.39,0.91,1.08,0.83,0.9,1.06,1.02,1.27,0.48,1.13,1.05,1.69,0.74,0.47,0.64,1.11,0.73,0.84,1.18
PALJ810109,1.15,1.22,1.06,1.2,0.87,1.45,1.0,0.92,1.03,0.72,1.43,0.84,1.37,0.97,0.64,1.11,0.95,0.72,0.99,0.82
PALJ810110,0.89,1.02,1.06,1.0,0.67,1.41,0.71,1.32,1.04,0.69,1.06,0.86,0.72,1.15,0.87,1.06,1.04,1.35,1.14,1.66
PALJ810111,0.82,0.94,0.99,0.73,1.27,1.3,0.98,1.56,0.71,0.69,1.01,0.65,0.54,0.98,0.94,1.25,1.26,1.26,1.67,1.22
PALJ810112,0.98,1.05,1.03,0.83,0.66,0.82,0.74,1.23,1.01,0.73,0.63,0.98,0.59,1.2,0.9,1.26,1.17,1.23,1.38,1.62
PALJ810113,0.69,0.0,0.0,1.18,1.52,0.88,2.42,2.2,0.0,1.34,1.44,1.43,0.63,0.28,2.64,0.0,0.22,1.53,0.43,0.14
PALJ810114,0.87,0.67,1.3,0.66,1.36,0.0,1.24,0.47,0.83,1.54,1.06,1.08,0.91,1.12,1.69,1.24,0.91,0.54,0.27,0.69
PALJ810115,0.91,0.77,0.77,1.27,1.32,0.76,0.9,0.37,0.5,1.62,1.06,1.34,0.53,0.87,1.61,1.1,1.08,1.24,0.36,0.52
PALJ810116,0.92,0.5,0.9,0.86,1.57,0.5,1.22,0.96,0.62,1.3,0.66,1.4,0.92,1.11,1.61,0.57,0.39,1.78,0.79,0.5
PARJ860101,2.1,-9.2,4.2,5.7,7.0,-4.2,10.0,-9.2,1.4,2.1,6.0,6.5,7.8,5.2,5.7,-10.0,2.1,-1.9,-8.0,-3.7
PLIV810101,-2.89,-1.61,-3.3,-3.31,-3.41,-1.84,-3.38,-1.63,-2.49,-2.5,-3.15,-3.3,-2.94,-2.91,-3.25,-1.75,-2.84,-2.42,-1.72,-2.08
PONP800101,12.28,14.1,11.49,10.8,11.0,14.33,10.97,13.43,14.93,11.19,11.28,11.26,11.19,11.65,12.01,12.95,12.84,13.29,14.77,15.07
PONP800102,7.62,9.37,6.81,5.72,6.17,9.83,6.18,8.99,10.93,6.64,6.67,6.93,6.38,7.08,7.31,8.41,7.85,8.53,9.99,10.38
PONP800103,2.63,2.98,2.45,2.12,2.27,3.18,2.29,3.02,3.36,2.46,2.45,2.6,2.31,2.55,2.55,2.85,2.57,2.79,3.08,3.21
PONP800104,13.65,14.01,11.28,11.96,12.24,13.4,10.98,14.08,14.49,11.51,11.3,11.26,12.55,13.0,15.36,12.06,11.59,12.64,14.63,12.88
PONP800105,14.6,16.49,13.24,13.28,11.79,16.23,13.78,14.18,15.9,14.1,12.02,13.36,13.59,14.5,14.18,13.9,15.35,14.76,14.1,16.3
PONP800106,10.67,13.07,11.05,9.93,10.85,15.0,10.21,13.27,14.15,10.62,11.71,11.18,11.71,10.53,10.95,11.41,12.07,11.52,12.95,13.86
PONP800107,3.7,5.88,2.53,1.79,2.12,5.21,2.6,6.6,3.03,2.12,2.7,2.43,3.3,2.6,3.13,6.25,3.57,3.03,7.69,7.14
PONP800108,6.05,7.37,5.7,4.88,5.04,6.39,4.95,6.62,7.86,5.65,5.45,5.53,5.1,5.81,6.16,6.98,5.8,6.73,7.51,7.62
PRAM820101,0.305,0.262,0.227,0.391,0.322,0.28,0.335,0.195,0.339,0.346,0.306,0.326,0.282,0.251,0.352,0.291,0.215,0.293,0.278,0.291
PRAM820102,0.175,0.104,0.083,0.058,0.09,0.054,0.14,0.104,0.074,0.136,0.093,0.155,0.135,0.152,0.201,0.092,0.125,0.081,0.1,0.096
PRAM820103,0.687,0.541,0.59,0.407,0.489,0.328,0.632,0.577,0.263,0.6,0.527,0.692,0.669,0.713,0.67,0.632,0.594,0.495,0.564,0.529
PRAM900101,-6.7,-11.7,51.5,36.8,20.1,-14.2,38.5,-15.5,-8.4,0.8,17.2,-2.5,34.3,-5.0,-4.2,-7.9,12.6,2.9,-13.0,-10.9
PRAM900102,1.29,1.3,0.96,1.23,0.9,1.47,1.04,1.07,1.11,0.52,1.27,0.82,1.44,0.82,0.56,0.99,1.22,0.72,0.97,0.91
PRAM900103,0.9,1.02,0.99,0.77,0.76,0.97,0.72,1.32,0.74,0.64,0.8,0.95,0.75,1.21,0.92,1.14,1.08,1.25,1.45,1.49
PRAM900104,0.78,0.59,0.88,0.96,1.28,0.39,1.41,0.58,0.8,1.91,0.97,1.33,1.0,1.03,1.64,0.75,0.69,1.05,0.51,0.47
PTIO830101,1.1,1.25,0.95,1.0,0.8,1.15,0.65,1.1,0.95,0.1,1.0,0.75,1.0,0.75,0.6,1.1,0.85,1.1,1.1,0.95
PTIO830102,1.0,2.0,0.7,0.7,0.6,1.9,0.5,3.1,1.9,0.2,1.0,0.9,0.7,1.7,0.3,2.2,0.8,2.8,4.0,4.0
QIAN880101,0.12,0.05,0.04,0.26,-0.1,0.0,0.01,0.05,-0.25,-0.19,-0.03,-0.19,-0.02,-0.04,-0.02,-0.06,-0.06,-0.14,-0.07,-0.03
QIAN880102,0.26,-0.02,-0.14,0.12,-0.03,0.0,0.15,0.12,-0.15,-0.08,-0.13,0.01,0.21,-0.34,-0.37,-0.01,0.1,-0.29,-0.03,0.02
QIAN880103,0.64,0.41,-0.1,-0.17,0.09,0.13,0.33,-0.03,0.03,-0.43,-0.23,-0.1,0.51,-0.07,-0.09,-0.02,-0.23,-0.38,-0.22,-0.01
QIAN880104,0.29,0.47,-0.03,-0.19,-0.04,0.27,0.11,0.24,-0.05,-0.34,0.26,-0.17,0.28,-0.2,-0.67,0.25,-0.26,-0.3,0.0,-0.01
QIAN880105,0.68,0.61,-0.22,0.03,-0.09,0.39,-0.02,0.06,-0.15,-0.76,-0.15,-0.26,0.44,-0.1,-0.73,0.2,-0.14,-0.04,-0.08,0.12
QIAN880106,0.34,0.2,0.22,-0.11,-0.33,0.43,0.06,0.15,-0.18,-0.81,0.01,-0.35,0.2,-0.37,-0.88,0.07,-0.09,-0.31,-0.03,0.13
QIAN880107,0.57,0.48,0.23,0.16,-0.36,0.41,-0.46,0.03,-0.15,-1.12,0.15,-0.47,0.26,-0.54,-0.71,-0.1,-0.05,-0.35,0.0,0.31
QIAN880108,0.33,0.57,0.1,0.23,-0.19,0.79,-0.44,0.48,-0.03,-1.86,0.19,-0.23,0.21,-0.33,-0.46,0.15,0.27,-0.19,-0.33,0.24
QIAN880109,0.13,0.5,0.08,0.37,-0.07,0.63,-0.71,0.15,-0.09,-1.4,0.12,-0.28,0.13,-0.21,-0.39,0.02,0.32,-0.1,0.0,0.17
QIAN880110,0.31,0.56,0.18,0.47,-0.1,0.58,-0.81,0.1,-0.26,-1.33,0.41,-0.49,-0.06,-0.44,-0.42,0.14,0.51,-0.08,-0.15,-0.01
QIAN880111,0.21,0.7,0.07,0.28,-0.04,0.61,-0.58,-0.06,-0.12,-1.03,0.13,-0.28,-0.23,-0.25,-0.15,0.21,0.37,0.16,0.31,0.0
QIAN880112,0.18,0.62,0.21,0.41,-0.03,0.21,-0.32,0.05,-0.29,-0.84,-0.27,-0.05,-0.25,-0.16,-0.4,0.32,0.28,0.11,-0.03,0.06
QIAN880113,-0.08,0.28,0.05,0.45,-0.08,0.11,-0.24,0.0,-0.25,-0.42,-0.28,0.07,-0.19,-0.33,-0.1,0.36,0.29,0.0,-0.01,-0.13
QIAN880114,-0.18,-0.23,-0.13,0.03,0.28,-0.42,0.05,-0.18,-0.26,-0.13,0.21,0.41,-0.06,0.33,0.23,-0.1,0.24,-0.1,-0.42,-0.07
QIAN880115,-0.01,-0.25,0.02,0.08,0.41,-0.57,-0.09,-0.12,-0.27,0.26,0.01,0.44,0.09,0.35,0.13,-0.15,0.22,0.15,-0.27,-0.09
QIAN880116,-0.19,-0.42,0.03,-0.09,0.02,-0.38,-0.06,-0.32,-0.29,0.05,0.02,0.25,-0.1,0.22,0.19,-0.19,-0.16,0.05,-0.08,-0.15
QIAN880117,-0.14,-0.57,0.14,0.04,-0.27,0.24,-0.1,0.08,-0.64,0.02,-0.11,-0.12,-0.39,0.0,0.46,-0.1,-0.04,0.18,0.16,0.29
QIAN880118,-0.31,0.09,0.25,-0.29,-0.53,0.29,-0.54,0.24,-0.06,-0.31,0.07,0.11,-0.52,0.03,0.37,0.15,-0.32,0.29,0.57,0.48
QIAN880119,-0.1,0.32,0.19,-0.46,-0.89,0.43,-0.89,0.36,0.13,-0.91,-0.04,-0.12,-0.34,0.49,-0.45,0.34,-0.34,0.42,0.95,0.76
QIAN880120,-0.25,0.23,-0.02,-0.59,-0.77,0.32,-1.01,0.48,0.13,-1.24,-0.12,-0.31,-0.62,0.17,-0.72,0.45,-0.16,0.77,1.1,0.69
QIAN880121,-0.26,0.25,-0.09,-0.55,-0.34,-0.05,-0.55,0.2,0.47,-1.28,-0.33,-0.28,-0.75,0.08,-0.56,0.22,-0.04,0.53,0.94,0.67
QIAN880122,0.05,0.32,-0.11,-0.51,-0.4,-0.1,-0.11,0.2,0.36,-0.79,-0.67,0.03,-0.35,-0.15,0.14,0.09,0.02,0.34,0.47,0.58
QIAN880123,-0.44,-0.12,-0.13,-0.33,0.05,-0.21,-0.2,-0.13,0.13,-0.48,-0.58,0.27,-0.28,0.47,0.08,-0.22,0.09,-0.11,-0.04,0.06
QIAN880124,-0.31,-0.44,-0.1,-0.44,0.06,-0.28,0.13,-0.04,-0.11,-0.29,-0.47,0.34,-0.05,0.27,0.45,-0.08,-0.06,0.06,-0.25,0.11
QIAN880125,-0.02,-0.26,0.04,-0.39,0.03,-0.14,0.11,-0.03,-0.02,-0.04,-0.17,0.41,0.1,0.36,0.38,-0.01,-0.09,-0.08,-0.48,-0.18
QIAN880126,-0.06,-0.46,0.02,-0.43,0.1,-0.52,0.24,-0.33,-0.19,0.37,-0.04,0.43,-0.04,0.5,0.17,-0.32,0.19,0.35,-0.2,0.0
QIAN880127,-0.05,0.04,0.06,-0.42,0.0,0.25,0.15,0.09,0.3,0.31,-0.08,-0.11,-0.02,-0.06,-0.14,0.19,-0.07,0.33,0.26,0.04
QIAN880128,-0.19,0.34,0.17,-0.2,-0.38,0.45,0.09,0.07,0.41,0.04,0.04,-0.23,-0.2,-0.02,0.28,0.16,-0.19,0.22,-0.06,0.05
QIAN880129,-0.43,-0.1,0.06,0.33,0.0,-0.01,-0.31,0.25,0.19,0.28,0.14,-0.23,-0.41,-0.26,-0.21,0.15,0.21,0.09,0.29,-0.1
QIAN880130,-0.19,-0.22,-0.07,0.0,0.17,-0.53,-0.27,-0.31,0.42,0.14,-0.29,0.22,-0.22,0.1,0.17,-0.15,0.17,-0.02,-0.34,-0.33
QIAN880131,-0.25,-0.55,0.12,0.14,0.61,-0.47,0.6,-0.29,0.18,0.89,0.09,0.24,-0.12,0.16,0.09,-0.44,0.42,-0.19,-0.54,-0.45
QIAN880132,-0.27,-0.54,-0.4,0.45,0.71,-0.76,0.54,-0.47,0.0,1.4,-0.08,0.4,-0.12,-0.1,1.14,-0.46,0.18,-0.05,-0.74,-0.86
QIAN880133,-0.42,-0.69,-0.23,0.09,0.81,-0.86,0.95,-0.39,-0.18,1.77,-0.01,0.63,-0.09,0.29,1.24,-0.37,0.05,-0.41,-1.17,-1.32
QIAN880134,-0.24,-0.8,-0.04,0.17,0.45,-0.71,0.65,-0.61,-0.38,2.27,0.01,0.33,0.07,0.13,0.85,-0.44,-0.21,-0.49,-0.65,-0.99
QIAN880135,-0.14,-0.8,0.21,-0.14,0.35,-0.56,0.66,-0.25,-0.09,1.59,0.11,0.32,0.06,0.21,0.36,-0.17,-0.31,-0.35,-0.51,-0.7
QIAN880136,0.01,-0.81,-0.13,-0.43,-0.11,-0.49,0.78,-0.2,-0.31,1.14,-0.13,0.13,0.09,-0.02,0.14,-0.2,-0.56,0.1,-0.09,-0.11
QIAN880137,-0.3,-0.18,-0.09,0.06,-0.12,-0.44,0.44,0.11,0.03,0.77,0.24,-0.09,0.18,-0.27,-0.12,-0.09,-0.2,-0.25,-0.07,-0.06
QIAN880138,-0.23,-0.36,-0.2,-0.15,0.06,-0.19,0.34,-0.02,0.19,0.78,0.47,-0.29,0.28,-0.3,0.14,-0.18,-0.22,0.07,0.42,0.29
QIAN880139,0.08,0.24,-0.01,-0.27,-0.06,0.16,0.04,0.34,0.37,0.16,0.48,-0.35,0.36,-0.04,-0.02,-0.06,-0.45,-0.2,0.09,0.18
RACS770101,0.934,0.825,0.962,1.04,0.986,0.804,0.994,0.773,0.9,1.047,1.047,1.056,0.986,1.008,1.015,0.848,0.882,0.931,0.766,0.825
RACS770102,0.941,0.798,1.112,1.232,1.038,0.781,1.071,0.723,0.866,1.093,1.15,1.082,1.1,1.043,1.055,0.867,0.911,1.05,0.742,0.817
RACS770103,1.16,0.51,1.72,3.9,1.97,0.4,2.66,0.43,0.5,2.04,3.87,1.61,2.4,1.48,1.63,0.75,0.86,1.72,0.57,0.59
RACS820101,0.85,1.03,2.02,0.88,0.88,1.17,1.5,0.85,0.9,1.47,1.71,1.5,1.79,1.96,1.54,0.83,1.59,1.34,0.67,0.89
RACS820102,1.58,1.21,1.14,1.27,0.77,1.41,0.98,1.0,1.04,1.46,1.24,1.05,1.49,0.87,0.66,1.23,0.99,0.68,1.09,0.88
RACS820103,0.82,0.0,2.6,2.86,2.07,0.0,2.64,0.0,0.0,0.0,0.0,1.23,2.62,2.48,1.63,0.0,0.0,1.9,2.32,1.62
RACS820104,0.78,0.91,1.75,0.85,1.32,0.41,1.25,1.07,3.14,1.73,0.93,1.31,0.94,1.57,1.13,0.98,1.03,1.31,1.26,1.11
RACS820105,0.88,1.09,0.99,0.83,1.02,1.71,1.16,1.52,1.14,0.87,0.93,1.14,1.01,0.96,0.7,1.96,1.87,1.68,1.61,1.56
RACS820106,0.3,0.96,0.9,0.71,2.73,1.89,1.26,1.2,0.72,0.83,0.97,1.16,1.33,0.97,3.09,1.58,1.33,0.86,0.45,0.64
RACS820107,0.4,0.57,1.2,0.87,1.24,0.0,1.59,1.27,2.98,0.38,0.5,0.92,1.26,1.38,1.89,1.53,2.71,1.79,1.31,0.95
RACS820108,1.48,1.33,1.02,1.36,0.99,1.41,1.19,1.3,0.86,0.25,1.42,0.89,1.43,0.81,0.46,1.27,1.27,0.91,1.12,0.93
RACS820109,0.0,0.0,0.0,0.0,4.14,0.0,2.15,2.11,0.0,1.99,0.0,0.0,0.0,1.24,6.49,0.0,0.0,1.9,0.0,0.0
RACS820110,1.02,1.06,1.0,0.94,1.31,1.33,1.76,0.41,1.05,2.73,1.05,1.18,0.83,0.77,2.39,1.22,0.4,1.09,0.83,0.88
RACS820111,0.93,1.03,1.52,1.0,0.92,1.31,0.6,1.51,1.08,1.37,0.94,0.97,0.73,1.38,0.78,1.12,1.08,1.65,1.74,1.7
RACS820112,0.99,1.26,1.19,0.91,1.15,1.0,1.18,1.25,2.32,0.0,1.52,1.5,1.36,1.18,1.4,1.33,1.06,1.09,0.81,1.01
RACS820113,17.05,10.89,21.25,16.46,34.81,20.61,19.27,16.26,28.84,23.94,15.42,19.95,20.12,18.92,38.14,23.36,23.07,26.49,16.66,17.06
RACS820114,14.53,14.3,17.82,14.07,13.59,20.61,19.78,19.61,30.57,52.63,22.18,18.56,18.19,21.09,37.16,19.78,22.63,26.36,20.28,21.87
RADA880101,1.81,4.92,-14.92,-5.55,-6.64,2.35,-8.72,2.98,1.28,0.0,-5.54,-3.4,-6.81,-2.57,0.94,2.33,-4.66,-0.14,4.92,4.04
RADA880102,0.52,1.76,-1.32,0.08,-0.01,1.32,0.0,2.09,0.0,0.0,-0.07,0.04,-0.79,0.27,0.0,2.51,0.95,1.63,2.04,1.18
RADA880103,0.13,-2.64,-5.0,-3.97,-3.04,-3.83,-2.23,-3.74,-2.52,0.0,-3.84,-1.66,-3.43,-2.31,1.45,-8.21,-5.61,-5.97,-2.77,-2.05
RADA880104,1.29,3.16,-13.6,-5.63,-6.63,1.03,0.0,0.89,0.0,0.0,-5.47,-3.44,-6.02,-2.84,0.94,-0.18,-5.61,-1.77,2.88,2.86
RADA880105,1.42,0.52,-18.6,-9.6,-9.67,-2.8,0.0,-2.85,0.0,0.0,-9.31,-5.1,-9.45,-5.15,2.39,-8.39,-11.22,-7.74,0.11,0.81
RADA880106,93.7,173.7,250.4,215.2,146.3,197.6,142.6,228.6,135.2,0.0,177.7,109.5,182.9,142.1,52.6,271.6,188.1,239.9,182.2,157.2
RADA880107,-0.29,-0.12,-2.71,-2.05,-1.18,-0.24,-1.02,0.0,0.0,0.0,-1.53,-0.75,-0.9,-0.71,-0.34,-0.59,-0.94,-1.02,0.24,0.09
RADA880108,-0.06,1.21,-0.84,-1.18,-0.48,1.27,-0.8,1.27,1.36,0.0,-0.73,-0.5,-0.77,-0.27,-0.41,0.88,0.49,0.33,1.31,1.09
RICJ880101,0.7,0.9,0.4,1.0,1.2,0.3,1.4,1.2,0.6,0.7,1.0,1.6,1.0,0.3,1.6,1.1,1.2,1.9,0.9,0.7
RICJ880102,0.7,0.9,0.4,1.0,1.2,0.3,1.4,1.2,0.6,0.7,1.0,1.6,1.0,0.3,1.6,1.1,1.2,1.9,0.9,0.7
RICJ880103,0.5,0.2,0.4,0.7,3.5,0.8,2.1,0.2,0.6,0.8,0.4,2.3,0.4,1.6,1.8,0.3,1.1,0.8,0.2,0.1
RICJ880104,1.2,0.9,0.7,0.6,0.7,0.3,0.8,0.5,0.8,2.6,0.7,0.7,2.2,0.8,0.3,2.1,0.7,1.8,0.9,1.1
RICJ880105,1.6,0.3,0.9,1.0,0.7,1.0,2.6,0.9,1.2,0.5,0.8,0.8,2.0,0.7,0.9,1.7,0.7,0.4,0.7,0.6
RICJ880106,1.0,0.6,0.4,0.8,0.7,1.0,2.2,0.6,0.6,0.4,1.5,0.4,3.3,1.0,0.6,1.4,0.7,1.2,0.4,1.1
RICJ880107,1.1,2.6,1.5,0.8,0.0,1.7,0.3,1.9,1.1,0.1,1.3,0.4,0.5,0.5,0.4,3.1,1.5,0.6,1.1,1.5
RICJ880108,1.4,1.1,1.2,1.9,1.2,1.7,0.6,1.0,1.6,0.3,1.4,1.1,0.9,0.6,0.6,1.4,0.9,0.2,0.9,0.8
RICJ880109,1.8,1.2,1.3,1.1,0.9,1.5,1.0,1.3,0.7,0.3,1.3,0.6,0.8,1.0,0.5,1.5,1.0,0.8,1.2,1.2
RICJ880110,1.8,1.2,1.0,1.4,0.6,2.7,0.7,1.9,0.0,0.3,1.0,0.5,1.1,0.5,0.5,1.1,2.4,1.3,1.3,0.4
RICJ880111,1.3,1.4,0.8,1.0,0.6,2.8,0.5,2.9,0.7,0.0,0.2,0.5,0.7,0.6,0.5,2.1,1.9,0.8,1.6,1.4
RICJ880112,0.7,1.9,0.8,2.2,0.8,1.0,0.6,1.8,0.2,0.0,1.3,0.6,1.6,0.7,0.1,0.4,1.1,1.1,1.4,1.3
RICJ880113,1.4,0.8,2.1,1.9,0.9,1.3,0.7,0.3,1.2,0.2,1.6,1.6,1.7,0.9,0.2,0.4,1.8,0.3,0.4,0.7
RICJ880114,1.1,0.7,1.0,2.0,1.2,1.0,0.4,0.7,1.6,0.0,2.1,1.7,0.8,1.0,0.2,0.0,3.4,1.2,0.7,0.7
RICJ880115,0.8,0.7,0.9,1.3,1.6,0.8,0.7,0.5,0.4,0.7,0.9,0.8,0.3,0.3,3.9,0.0,1.3,0.8,0.7,0.2
RICJ880116,1.0,0.9,1.4,1.2,0.9,0.8,1.4,0.1,0.8,1.9,1.4,0.7,0.8,0.8,1.2,0.4,1.2,0.9,1.1,0.6
RICJ880117,0.7,0.5,1.1,1.3,1.5,0.0,1.4,1.2,0.4,1.5,1.1,0.9,0.7,2.1,0.6,2.7,1.0,0.5,0.7,1.0
ROBB760101,6.5,3.2,-0.9,2.3,-5.1,5.3,0.5,1.6,-1.3,-7.7,1.0,-3.9,7.8,-2.6,-8.6,1.2,1.2,-4.5,0.6,1.4
ROBB760102,2.3,-2.1,-5.2,-4.1,0.3,-3.5,7.4,-1.1,0.8,8.1,-0.7,-3.5,10.3,2.3,-5.2,-0.9,-2.8,-3.7,-4.0,-4.4
ROBB760103,6.7,5.5,0.3,0.5,-6.1,7.2,-3.1,2.8,-4.9,-22.8,0.6,-3.0,2.2,-4.0,-6.8,4.0,-1.0,-4.6,3.2,2.5
ROBB760104,2.3,0.1,1.4,7.3,-3.3,3.5,-4.4,1.6,6.1,-24.4,2.7,-1.9,2.5,-3.7,-8.3,-0.9,5.9,-0.6,-0.5,2.3
ROBB760105,-2.3,2.3,0.4,-3.3,-4.1,2.3,-4.4,2.6,4.4,-1.8,1.2,-1.7,-5.0,1.3,-4.2,-1.0,-2.5,4.0,6.7,6.8
ROBB760106,-2.7,3.7,0.4,-2.9,-4.2,3.7,-4.4,3.0,3.7,-6.6,0.8,-2.4,-8.1,1.7,-3.9,0.3,-3.0,3.3,7.7,7.1
ROBB760107,0.0,-3.7,1.1,-3.1,-2.0,-2.1,-2.6,0.7,5.4,7.4,2.4,1.3,3.1,0.0,-3.4,-3.4,0.8,4.8,-0.1,2.7
ROBB760108,-5.0,-5.6,2.1,1.0,4.2,-4.8,3.1,-1.8,4.4,2.6,0.4,2.6,-4.7,0.3,5.7,3.4,-0.3,2.9,-4.6,-6.0
ROBB760109,-3.3,-2.3,0.0,-1.2,5.4,-4.3,3.9,0.8,-0.3,6.5,-0.4,1.8,-1.8,-0.7,-1.2,-0.8,3.0,3.1,-0.5,-3.5
ROBB760110,-4.7,-6.2,2.0,2.8,3.9,-4.8,1.9,-3.7,6.2,3.6,-2.0,2.1,-4.2,0.6,5.7,3.3,-2.6,3.8,-7.0,-6.2
ROBB760111,-3.7,-2.8,1.0,1.3,-0.6,-1.6,-0.6,1.6,4.0,-6.0,3.4,1.5,-4.3,1.2,5.9,6.5,-0.8,1.3,-0.5,-4.6
ROBB760112,-2.5,-2.0,-1.2,-0.8,4.6,-4.1,0.0,-4.1,-4.7,5.8,-0.5,2.5,-4.4,1.7,4.9,1.2,1.6,-0.6,-3.3,-3.5
ROBB760113,-5.1,-5.4,2.6,1.0,4.7,-5.3,3.1,-2.4,3.8,3.5,0.2,3.2,-5.2,0.0,5.6,2.9,-0.9,3.2,-4.5,-6.3
ROBB790101,-1.0,2.0,0.3,-0.9,-0.7,1.8,-1.2,2.8,2.1,0.4,-0.1,-1.2,-0.7,-0.5,0.3,3.0,1.1,2.1,4.0,1.4
ROSG850101,86.6,164.1,162.2,115.5,103.3,172.9,97.8,194.1,132.3,92.9,119.2,85.6,113.9,106.5,62.9,224.6,155.8,177.7,158.0,141.0
ROSG850102,0.74,0.85,0.64,0.52,0.63,0.85,0.62,0.88,0.91,0.64,0.62,0.66,0.62,0.7,0.72,0.85,0.78,0.76,0.88,0.86
ROSM880101,-0.67,-3.02,12.1,6.13,7.23,-1.3,8.72,-3.24,-0.34,-1.75,6.39,4.35,7.35,3.86,0.0,-2.86,3.82,0.98,-3.02,-2.18
ROSM880102,-0.67,-3.02,3.89,2.46,2.27,-1.67,1.57,-3.24,-2.0,-1.75,2.12,0.1,1.78,-0.42,0.0,-2.86,1.09,0.98,-3.02,-2.18
ROSM880103,0.4,0.6,0.3,0.4,0.9,0.3,0.8,0.7,0.5,0.9,0.7,0.4,1.3,0.4,0.0,0.6,1.0,1.2,0.4,0.4
SIMZ760101,0.73,2.49,0.73,1.5,-0.01,1.3,0.54,2.65,0.7,2.6,-0.1,0.04,0.55,0.44,0.0,3.0,1.1,2.97,2.97,1.69
SNEP660101,0.239,0.281,0.211,0.228,0.249,0.253,0.171,0.234,0.22,0.165,0.26,0.236,0.187,0.213,0.16,0.183,0.205,0.193,0.273,0.255
SNEP660102,0.33,0.129,-0.176,-0.075,-0.233,-0.092,-0.371,-0.011,0.074,0.37,-0.254,0.022,-0.409,0.136,0.37,-0.011,-0.078,-0.138,0.149,0.245
SNEP660103,-0.11,-0.008,0.079,0.049,-0.136,-0.041,-0.285,0.438,-0.184,-0.016,-0.067,-0.153,-0.246,-0.208,-0.073,0.493,0.32,0.381,0.001,-0.155
SNEP660104,-0.062,-0.264,-0.167,-0.371,0.166,0.077,-0.079,0.074,0.38,-0.036,-0.025,0.47,-0.184,0.348,-0.017,0.05,0.056,0.22,-0.309,-0.212
SUEM840101,1.071,1.14,1.033,0.939,0.784,1.2,0.68,1.086,0.922,0.659,0.977,0.76,0.97,0.817,0.591,1.107,0.85,1.02,1.14,0.95
SUEM840102,8.0,33.0,0.1,1.0,0.1,54.0,70.0,18.0,26.0,42.0,33.0,0.1,6.0,0.1,0.1,77.0,0.1,66.0,55.0,0.1
SWER830101,-0.4,1.22,-0.59,-0.67,-0.92,1.02,-1.31,1.92,0.17,-0.49,-0.91,-0.55,-1.22,-0.28,-0.67,0.5,-0.64,1.67,1.25,0.91
TANS770101,1.42,1.29,1.06,1.24,0.71,1.21,1.01,1.16,0.73,0.65,1.02,0.71,1.63,0.78,0.5,1.05,1.2,0.67,1.12,0.99
TANS770102,0.946,1.192,1.128,1.203,0.432,0.0,1.311,0.963,0.481,2.093,1.615,0.523,0.698,1.961,0.36,1.925,2.168,0.802,1.283,0.409
TANS770103,0.79,1.111,1.087,0.735,0.832,1.092,0.53,1.052,1.268,1.249,1.038,1.093,0.643,1.214,0.725,1.114,0.864,1.34,1.361,1.428
TANS770104,1.194,0.595,0.795,1.06,0.659,0.831,1.056,0.377,0.678,3.159,1.29,1.444,0.928,1.172,1.015,0.452,0.611,0.816,0.603,0.64
TANS770105,0.497,0.656,0.677,0.932,2.072,0.425,1.498,1.348,1.348,0.179,0.711,1.151,0.651,0.749,1.848,1.283,1.474,1.283,0.471,0.654
TANS770106,0.937,0.808,1.725,1.254,1.08,0.886,1.64,0.803,1.004,0.748,1.078,1.145,0.679,1.487,0.901,0.803,1.085,1.227,0.178,0.625
TANS770107,0.289,0.0,1.38,1.288,3.169,0.0,0.917,0.393,1.767,0.0,2.372,0.16,0.285,0.218,4.259,0.0,1.061,0.654,0.262,0.167
TANS770108,0.328,0.414,2.088,0.835,1.498,0.982,3.379,1.336,0.0,0.415,0.0,1.089,0.0,1.732,0.5,1.781,1.204,0.0,2.078,0.946
TANS770109,0.945,0.758,0.364,0.947,1.202,1.028,1.315,0.622,0.932,0.579,0.704,1.14,1.014,0.863,2.355,0.777,0.525,0.907,0.673,0.561
TANS770110,0.842,0.665,0.936,1.045,1.352,0.668,1.366,0.881,1.032,1.385,0.998,1.257,0.758,1.055,1.349,0.881,1.079,1.101,0.459,0.643
VASM830101,0.135,0.215,0.296,0.17,0.196,0.239,0.289,0.087,0.159,0.151,0.236,0.01,0.184,0.1,0.051,0.166,0.223,0.066,0.173,0.285
VASM830102,0.507,0.619,0.459,0.559,0.287,0.431,0.223,0.077,0.592,0.739,0.383,0.689,0.445,0.785,0.39,0.16,0.31,0.06,0.111,0.356
VASM830103,0.159,0.083,0.194,0.159,0.385,0.198,0.283,0.682,0.187,0.366,0.236,0.15,0.206,0.074,0.049,0.463,0.233,0.737,0.581,0.301
VELV850101,0.03731,0.0,0.09593,0.0371,0.00359,0.08226,0.1263,0.0946,0.08292,0.01979,0.07606,0.08292,0.0058,0.09408,0.00499,0.05481,0.02415,0.05159,0.0,0.00569
VENT840101,0.0,1.0,0.0,0.0,0.0,0.0,0.0,1.0,0.0,0.0,0.0,0.0,0.0,0.0,0.0,1.0,0.0,1.0,1.0,1.0
VHEG790101,-12.04,-17.79,39.23,9.71,4.25,-8.86,23.22,-21.98,3.95,5.82,2.16,-1.54,16.81,-4.15,-7.85,-16.19,6.28,-1.51,-18.32,-16.22
WARP780101,10.04,8.79,6.18,4.4,5.63,9.15,5.76,7.98,8.89,7.79,5.41,7.08,5.37,7.0,7.99,8.07,7.49,6.9,8.72,8.88
WEBA780101,0.89,0.73,0.88,0.97,0.89,0.74,0.87,0.52,0.85,0.82,0.82,0.96,0.84,0.92,0.92,0.2,0.83,0.49,0.76,0.85
WERD780101,0.52,0.77,0.49,0.31,0.42,0.76,0.37,0.87,0.83,0.35,0.35,0.49,0.38,0.38,0.41,0.86,0.7,0.64,0.79,0.72
WERD780102,0.16,-0.44,-0.2,-0.12,1.03,-0.79,-0.24,-0.25,-0.12,-0.59,-0.55,-0.01,-0.45,0.05,-0.16,-0.33,-0.18,-0.42,-0.19,-0.46
WERD780103,0.15,0.06,-0.37,-0.16,0.69,0.11,-0.22,1.18,-0.19,0.11,-0.06,0.13,0.14,0.28,0.36,-0.12,-0.25,0.19,0.02,-0.08
WERD780104,-0.07,-0.17,-0.4,-0.45,-0.57,0.03,-0.8,0.4,0.17,-0.47,-0.26,-0.11,-0.63,0.09,0.27,-0.61,-0.49,-0.61,0.06,-0.11
WOEC730101,7.0,4.9,9.1,10.1,10.0,5.3,13.0,5.0,5.5,6.6,8.6,7.5,12.5,6.6,7.9,5.3,8.4,5.7,4.9,5.6
WOLR810101,1.94,2.28,-19.92,-9.52,-9.68,-1.48,-10.95,-0.76,-1.24,-3.68,-9.38,-5.06,-10.2,-4.88,2.39,-5.88,-10.27,-6.11,2.15,1.99
WOLS870101,0.07,-4.19,2.88,2.84,3.22,-2.49,3.64,-4.92,0.71,-1.22,2.18,1.96,3.08,0.92,2.23,-4.75,2.41,-1.39,-4.44,-2.69
WOLS870102,-1.73,-1.03,2.52,1.41,1.45,-0.27,1.13,1.3,-0.97,0.88,0.53,-1.63,0.39,-2.09,-5.36,3.65,1.74,2.32,-1.68,-2.53
WOLS870103,0.09,-0.98,-3.44,-3.14,0.84,-0.41,2.36,0.45,4.13,2.23,-1.14,0.57,-0.07,-1.4,0.3,0.85,1.11,0.01,-1.03,-1.29
YUTK870101,8.5,15.0,0.0,7.9,8.2,13.3,8.5,11.2,11.0,8.2,6.3,7.4,8.8,8.8,7.1,9.9,10.1,8.8,16.8,12.0
YUTK870102,6.8,12.2,0.0,7.5,6.2,8.4,7.0,8.3,8.3,6.9,8.5,8.0,4.9,7.0,6.4,5.7,9.2,6.8,10.0,9.4
YUTK870103,18.08,18.6,0.0,17.96,17.47,18.11,17.36,17.3,18.17,18.16,17.93,17.57,18.16,17.54,18.24,17.19,18.49,17.99,18.62,18.3
YUTK870104,18.56,19.01,0.0,18.36,18.24,18.49,17.94,17.95,17.84,18.77,18.51,18.06,17.97,17.71,18.57,16.87,18.64,18.23,19.21,18.98
ZASB820101,-0.152,-0.102,-0.089,-0.062,-0.203,-0.107,-0.355,0.001,0.0,-0.181,-0.181,-0.203,-0.411,-0.17,-0.19,0.275,0.0,0.0,-0.086,-0.125
ZIMJ680101,0.83,2.52,0.83,1.6,0.09,1.4,0.64,2.75,1.48,2.7,0.0,0.14,0.65,0.54,0.1,0.31,1.1,2.97,3.07,1.79
ZIMJ680102,11.5,21.4,14.28,15.71,12.82,16.25,11.68,19.8,13.46,17.43,14.45,9.47,13.57,15.77,3.4,21.67,13.69,18.03,21.4,21.57
ZIMJ680103,0.0,0.13,52.0,49.5,3.38,1.43,49.7,0.35,1.48,1.58,3.53,1.67,49.9,1.66,0.0,2.1,51.6,1.61,0.13,0.13
ZIMJ680104,6.0,5.98,10.76,9.74,5.41,5.74,2.77,5.48,5.05,6.3,5.65,5.68,3.22,5.66,5.97,5.89,7.59,5.66,6.02,5.96
ZIMJ680105,9.9,17.6,4.6,3.5,5.4,14.9,2.8,18.8,2.8,14.8,9.0,6.9,3.2,9.5,5.6,17.1,8.2,15.0,17.1,14.3
AURR980101,0.94,0.95,1.15,1.03,0.79,0.88,1.19,1.06,0.6,1.18,0.94,0.69,1.41,0.87,1.18,0.91,1.15,1.04,1.07,0.9
AURR980102,0.98,0.8,1.14,1.06,1.05,1.12,1.05,1.12,0.41,1.31,0.9,1.02,1.04,0.8,1.25,0.9,1.01,1.12,0.88,0.87
AURR980103,1.05,0.96,0.81,0.97,0.91,0.99,1.39,0.95,0.6,1.05,0.87,0.96,1.11,1.03,1.26,1.06,1.43,0.94,0.95,0.62
AURR980104,0.75,1.01,0.9,0.66,1.24,1.02,1.72,0.88,0.66,1.33,1.08,1.2,1.1,1.13,1.14,0.68,0.96,0.8,0.8,0.58
AURR980105,0.67,0.79,0.76,0.84,1.28,0.98,1.58,0.96,0.37,1.12,1.05,1.25,0.94,1.41,0.98,0.94,0.83,0.82,0.78,0.67
AURR980106,1.1,0.84,1.05,1.08,0.72,0.9,1.14,0.9,0.26,1.67,1.31,0.81,2.3,0.77,0.55,1.26,0.83,0.99,1.06,0.76
AURR980107,1.39,0.91,0.95,0.8,0.67,1.1,1.64,1.0,0.52,0.94,1.6,0.69,2.07,0.92,0.65,1.1,1.36,0.73,0.64,0.7
AURR980108,1.43,1.52,1.33,0.82,0.55,1.68,0.9,1.1,0.52,0.15,1.43,0.61,1.7,0.75,0.56,1.68,0.66,0.65,1.18,1.14
AURR980109,1.55,1.36,1.39,1.27,0.6,2.13,0.61,1.39,0.59,0.03,1.43,0.44,1.34,0.65,0.37,1.1,0.89,0.93,1.47,1.18
AURR980110,1.8,1.47,1.73,1.24,0.73,1.64,0.9,0.96,0.55,0.15,0.97,0.67,1.73,0.7,0.32,0.68,0.46,0.91,1.09,0.81
AURR980111,1.52,1.26,1.49,1.1,0.58,1.14,1.04,1.14,0.26,0.44,1.41,0.66,1.76,0.73,0.3,0.68,0.83,1.04,1.25,1.03
AURR980112,1.49,1.4,1.41,1.17,0.67,1.84,0.94,0.86,0.37,0.2,1.52,0.68,1.55,0.79,0.29,1.52,0.96,1.06,1.04,0.94
AURR980113,1.73,1.8,1.24,1.22,0.7,2.21,0.68,1.35,0.63,0.07,0.88,0.65,1.16,0.46,0.32,1.57,0.76,1.1,1.15,0.94
AURR980114,1.33,1.63,1.39,1.71,0.64,1.76,0.6,1.22,0.44,0.07,1.37,0.42,1.43,0.57,0.2,1.0,1.02,1.02,1.58,1.08
AURR980115,1.87,1.65,1.66,1.63,0.7,1.35,0.91,0.67,0.33,0.03,1.24,0.71,1.88,0.5,0.33,1.0,0.89,0.73,0.9,0.51
AURR980116,1.19,1.36,1.45,1.45,1.33,1.35,0.72,1.2,0.44,0.1,1.43,1.02,1.27,0.82,0.74,0.58,1.55,1.06,0.61,0.46
AURR980117,0.77,0.66,1.11,1.19,1.39,0.74,0.79,1.04,0.44,0.66,0.95,0.64,0.92,0.82,2.74,0.58,1.65,0.93,0.64,0.53
AURR980118,0.93,1.16,0.96,1.27,0.82,1.11,1.15,1.05,0.67,1.01,1.02,0.71,1.07,0.84,1.08,1.06,1.4,1.15,1.14,0.74
AURR980119,1.09,0.87,1.29,1.13,1.03,0.96,1.17,0.84,0.26,2.01,1.08,0.76,1.31,0.79,0.97,0.91,0.88,0.64,0.97,0.77
AURR980120,0.71,0.84,1.09,1.1,0.95,0.8,1.43,0.95,0.65,1.7,0.87,0.65,1.19,0.086,1.07,1.25,1.13,0.85,1.05,1.12
ONEK900101,13.4,13.0,13.3,13.0,12.0,12.8,11.7,12.1,11.6,6.5,12.8,12.2,12.2,11.7,11.3,12.4,11.6,12.1,12.0,11.9
ONEK900102,-0.77,-0.62,-0.68,-0.65,-0.07,-0.5,-0.15,-0.41,-0.23,3.0,-0.33,-0.35,-0.27,-0.11,0.0,-0.45,-0.06,-0.17,-0.23,-0.14
VINM940101,0.984,0.935,1.008,1.102,1.048,0.952,1.068,0.915,0.906,1.049,1.037,1.046,1.094,0.997,1.031,0.904,0.95,0.929,0.927,0.931
VINM940102,1.315,1.234,1.31,1.367,1.38,1.269,1.372,1.247,1.196,1.342,1.342,1.381,1.376,1.324,1.382,1.186,1.279,1.199,1.241,1.235
VINM940103,0.994,0.982,1.026,1.029,1.022,0.963,1.022,0.934,0.939,1.05,1.041,1.025,1.052,0.998,1.018,0.938,0.967,0.981,0.977,0.968
VINM940104,0.783,0.783,0.807,0.834,0.799,0.806,0.822,0.774,0.785,0.809,0.817,0.811,0.826,0.795,0.784,0.796,0.777,0.788,0.776,0.781
MUNV940101,0.423,0.494,0.503,0.615,0.906,0.444,0.87,0.706,0.877,1.945,0.594,0.928,0.167,0.884,1.162,0.69,0.802,0.778,0.566,0.706
MUNV940102,0.619,0.74,0.753,0.784,1.089,0.736,0.932,0.968,1.107,1.78,0.77,0.969,0.675,1.053,1.361,0.91,1.034,1.009,0.876,0.939
MUNV940103,1.08,0.789,0.976,1.026,1.197,0.812,1.266,0.685,0.733,1.412,1.05,0.987,1.085,0.784,1.104,0.755,0.906,0.665,0.583,0.546
MUNV940104,0.978,0.766,0.784,0.841,0.915,0.729,1.038,0.585,0.573,2.613,0.863,0.784,0.962,0.569,1.405,0.671,0.724,0.56,0.502,0.444
MUNV940105,1.4,1.33,1.23,1.34,1.61,1.12,1.89,1.07,1.14,3.9,1.33,1.2,1.42,0.99,2.06,1.1,1.25,0.98,1.02,0.87
WIMW960101,4.08,4.81,3.91,3.77,3.83,4.48,3.02,5.38,4.49,3.8,3.67,4.12,2.23,4.11,4.24,6.1,4.08,5.19,4.52,4.18
KIMC930101,-0.35,-0.48,-0.44,-0.41,-0.38,-0.46,-0.41,-0.55,-0.47,-0.23,-0.4,-0.39,-0.41,-0.48,0.0,-0.48,-0.46,-0.5,-0.56,-0.53
MONM990101,0.5,0.4,1.7,1.6,1.7,0.5,1.6,0.4,0.6,1.7,1.6,0.7,1.6,0.4,1.3,0.7,1.6,0.6,0.6,0.5
BLAM930101,0.96,0.92,0.77,0.73,0.39,0.86,0.42,0.59,0.42,-2.5,0.8,0.53,0.53,0.54,0.0,0.58,0.57,0.72,0.84,0.63
PARS000101,0.343,0.287,0.353,0.429,0.409,0.293,0.429,0.292,0.319,0.432,0.395,0.416,0.405,0.362,0.389,0.268,0.307,0.22,0.296,0.307
PARS000102,0.32,0.34,0.327,0.446,0.384,0.313,0.424,0.314,0.198,0.354,0.436,0.376,0.514,0.339,0.374,0.291,0.299,0.287,0.306,0.294
KUMS000101,8.9,7.4,4.6,6.1,4.4,2.3,6.3,3.3,0.6,4.2,2.8,4.0,6.9,5.7,9.4,1.3,2.2,4.5,7.0,8.2
KUMS000102,9.2,7.7,3.6,6.5,5.1,2.4,6.0,3.4,1.0,4.2,2.9,5.5,6.0,5.7,9.4,1.2,2.1,3.7,6.0,8.2
KUMS000103,14.1,9.1,5.5,7.7,3.2,3.3,5.7,5.0,0.1,0.7,3.7,3.9,8.8,4.4,4.1,1.2,2.0,4.5,7.1,5.9
KUMS000104,13.4,10.6,3.9,7.5,3.7,3.0,4.6,4.5,0.8,1.3,4.8,3.8,7.8,4.6,4.6,1.0,3.3,3.3,6.5,7.1
TAKK010101,9.8,17.0,7.3,10.5,3.6,11.9,4.9,23.0,3.0,15.0,2.4,2.6,4.4,6.9,0.0,24.2,11.9,17.2,17.2,15.3
FODM020101,0.7,1.44,0.95,0.91,1.47,0.91,0.87,1.34,1.17,0.12,0.73,0.84,0.96,0.74,0.64,1.8,1.39,1.68,1.29,1.2
NADH010101,58.0,95.0,-184.0,-24.0,-93.0,78.0,-97.0,92.0,116.0,-79.0,-139.0,-34.0,-131.0,-7.0,-11.0,59.0,-73.0,-11.0,107.0,100.0
NADH010102,51.0,103.0,-144.0,-205.0,-84.0,73.0,-78.0,108.0,137.0,-79.0,-128.0,-26.0,-115.0,-3.0,-13.0,69.0,-55.0,11.0,106.0,108.0
NADH010103,41.0,103.0,-109.0,-148.0,-74.0,77.0,-47.0,128.0,169.0,-81.0,-104.0,-31.0,-90.0,10.0,-18.0,102.0,-35.0,36.0,104.0,116.0
NADH010104,32.0,104.0,-95.0,-124.0,-73.0,82.0,-29.0,132.0,182.0,-82.0,-95.0,-34.0,-74.0,20.0,-22.0,118.0,-25.0,44.0,106.0,113.0
NADH010105,24.0,103.0,-79.0,-9.0,-76.0,90.0,0.0,131.0,194.0,-85.0,-87.0,-36.0,-57.0,34.0,-28.0,116.0,-31.0,43.0,102.0,111.0
NADH010106,5.0,82.0,-57.0,-38.0,-77.0,83.0,45.0,117.0,224.0,-103.0,-67.0,-41.0,-8.0,79.0,-47.0,130.0,-50.0,27.0,83.0,117.0
NADH010107,-2.0,36.0,-41.0,115.0,-97.0,62.0,248.0,120.0,329.0,-132.0,-37.0,-52.0,117.0,174.0,-66.0,179.0,-70.0,-7.0,28.0,114.0
MONM990201,0.4,0.3,1.5,1.4,1.6,0.5,1.5,0.3,0.7,1.6,1.4,0.9,1.3,0.7,1.1,0.9,1.4,0.9,0.5,0.4
KOEP990101,-0.04,-0.38,-0.3,-0.18,0.25,-0.09,0.27,-0.01,0.57,0.0,-0.02,0.15,-0.33,0.39,1.24,0.21,-0.11,0.05,-0.26,-0.06
KOEP990102,-0.12,0.15,0.34,0.29,1.05,-0.71,1.12,-0.67,-0.63,0.0,1.67,1.45,0.91,-0.7,0.76,-0.14,1.34,-0.49,-0.77,-0.7
CEDJ970101,8.6,8.8,4.2,6.3,4.6,2.5,4.9,3.7,2.9,4.9,4.0,7.3,5.1,6.0,7.8,1.4,2.1,3.6,4.6,6.7
CEDJ970102,7.6,9.4,5.0,5.8,4.4,2.1,5.2,4.0,2.2,5.4,4.1,7.2,6.2,6.1,6.9,1.4,2.1,3.2,5.1,6.7
CEDJ970103,8.1,11.0,4.6,4.4,3.7,2.8,3.8,5.6,2.0,4.7,3.1,7.3,4.6,5.6,7.0,1.8,2.0,3.3,6.7,7.7
CEDJ970104,7.9,8.6,4.9,6.7,4.0,2.4,5.5,3.9,1.9,5.3,4.4,6.6,7.1,5.3,7.1,1.2,2.1,3.1,5.2,6.8
CEDJ970105,8.3,7.4,8.7,7.9,3.7,2.3,4.7,2.7,1.6,6.9,4.7,8.8,6.5,5.1,6.3,0.7,2.1,2.4,3.7,5.3
FUKS010101,4.47,5.06,8.48,12.98,3.89,1.71,7.05,2.32,0.29,5.41,2.87,4.27,16.56,3.83,8.29,0.67,1.74,2.75,3.3,4.05
FUKS010102,6.77,4.43,6.87,10.2,5.5,1.87,8.57,1.92,0.31,4.79,5.24,5.41,12.93,5.36,7.95,0.54,2.8,2.26,2.72,3.57
FUKS010103,7.43,2.74,4.51,9.67,9.12,0.6,8.71,1.18,0.42,5.6,5.42,9.6,5.86,8.95,9.4,1.18,1.49,3.26,1.76,3.1
FUKS010104,5.22,4.52,7.3,12.68,6.06,1.85,7.91,1.68,1.01,5.7,6.0,6.99,10.66,5.16,5.81,0.56,2.27,2.16,2.36,4.1
FUKS010105,9.88,13.21,3.71,3.39,2.35,2.44,3.5,5.27,1.12,3.8,1.66,4.1,4.02,4.98,6.88,1.11,1.88,4.07,10.08,12.53
FUKS010106,10.98,12.79,3.26,2.54,2.85,3.1,3.37,4.97,1.47,3.42,2.3,4.93,3.51,5.55,7.48,1.28,2.2,3.55,9.74,10.69
FUKS010107,9.95,9.66,3.05,2.0,4.84,2.45,4.46,5.41,1.3,3.2,2.64,6.03,2.58,5.62,8.87,2.6,1.99,6.15,7.73,9.46
FUKS010108,8.26,16.46,2.8,1.89,2.54,2.67,2.8,7.32,2.67,3.3,2.86,6.0,2.67,5.0,5.62,2.01,1.98,3.96,8.95,10.24
FUKS010109,7.39,9.45,5.91,7.81,3.06,2.1,5.14,3.91,0.74,4.54,2.22,4.18,9.8,4.45,7.53,0.9,1.82,3.46,6.96,8.62
FUKS010110,9.07,9.0,4.9,6.01,4.05,2.54,5.73,3.59,0.95,4.04,3.63,5.15,7.77,5.46,7.69,0.95,2.47,2.96,6.56,7.47
FUKS010111,8.82,6.54,3.71,5.45,6.77,1.62,6.38,3.51,0.9,4.28,3.89,7.64,4.05,7.12,9.11,1.96,1.77,4.85,5.05,6.6
FUKS010112,6.65,10.15,5.17,7.59,4.4,2.24,5.5,4.34,1.79,4.56,4.52,6.52,6.89,5.08,5.72,1.24,2.13,3.01,5.47,7.0
AVBF000101,0.163,0.315,0.22,0.255,0.124,0.356,0.212,0.41,0.316,,0.274,0.29,0.212,0.412,0.08,0.325,0.315,0.354,0.474,0.515
AVBF000102,0.236,0.293,0.233,0.231,0.189,0.367,0.168,0.328,0.259,,0.314,0.202,0.306,0.308,-0.17,0.197,0.256,0.223,0.391,0.436
AVBF000103,-0.49,-0.45,-0.429,-0.409,-0.387,-0.375,-0.375,-0.309,-0.352,,-0.422,-0.426,-0.382,-0.24,-0.647,-0.325,-0.357,-0.288,-0.268,-0.22
AVBF000104,-0.871,-0.798,-0.727,-0.715,-0.741,-0.717,-0.737,-0.649,-0.666,,-0.728,-0.679,-0.773,-0.629,-0.822,-0.669,-0.685,-0.655,-0.617,-0.599
AVBF000105,-0.393,-0.281,-0.317,-0.294,-0.268,-0.274,-0.247,-0.189,-0.222,,-0.291,-0.28,-0.26,-0.152,-0.57,-0.206,-0.244,-0.155,-0.144,-0.08
AVBF000106,-0.378,-0.266,-0.369,-0.335,-0.245,-0.26,-0.113,-0.187,-0.206,,-0.29,-0.251,-0.165,-0.093,-0.56,-0.188,-0.295,-0.147,-0.134,-0.084
AVBF000107,-0.729,-0.462,-0.535,-0.508,-0.597,-0.518,-0.545,-0.454,-0.408,,-0.492,-0.278,-0.532,-0.367,-0.86,-0.455,-0.519,-0.439,-0.361,-0.323
AVBF000108,-0.623,-0.527,-0.567,-0.581,-0.619,-0.571,-0.626,-0.461,-0.571,,-0.559,-0.458,-0.572,-0.233,-0.679,-0.327,-0.508,-0.451,-0.199,-0.263
AVBF000109,-0.376,-0.317,-0.28,-0.412,-0.403,-0.312,-0.405,-0.237,-0.441,,-0.362,-0.374,-0.362,-0.243,-0.392,-0.111,-0.345,-0.171,-0.194,-0.355
YANJ020101,,0.89,0.62,0.77,0.76,0.77,0.66,0.92,0.83,0.94,0.59,0.58,0.73,0.73,,0.86,0.92,0.93,0.88,0.88
MITS020101,0.0,0.0,2.45,3.67,0.0,0.0,0.0,0.0,0.0,0.0,1.25,0.0,1.27,0.0,0.0,6.93,1.45,5.06,0.0,0.0
TSAJ990101,89.3,163.1,190.3,165.1,122.4,165.8,114.4,190.8,102.5,121.6,146.9,94.2,138.8,119.6,63.8,226.4,157.5,194.6,163.0,138.2
TSAJ990102,90.0,164.0,194.0,167.3,124.7,167.0,117.3,191.9,103.3,122.9,149.4,95.4,142.2,121.5,64.9,228.2,160.0,197.0,163.9,139.0
COSI940101,0.0373,0.0,0.0959,0.0371,0.0036,0.0823,0.1263,0.0946,0.0829,0.0198,0.0761,0.0829,0.0058,0.0941,0.005,0.0548,0.0242,0.0516,0.0,0.0057
PONP930101,0.85,1.99,0.2,-1.19,-0.48,1.42,-1.1,1.69,2.1,-1.14,-0.42,-0.52,-0.79,-0.08,0.0,1.76,0.22,1.37,3.14,2.53
WILM950101,0.06,3.5,-0.85,-1.62,0.25,0.21,-0.2,4.8,0.49,0.71,0.31,-0.62,-0.1,0.65,0.21,2.29,-2.24,1.89,3.48,1.59
WILM950102,2.62,6.57,1.26,-2.78,-1.27,-3.12,-2.84,9.14,0.73,-0.12,-1.69,-1.39,-0.45,1.81,-1.15,5.91,-0.74,1.39,4.38,2.3
WILM950103,-1.64,0.83,-3.28,-2.36,0.83,4.26,0.7,-1.36,9.3,3.12,-0.04,1.59,1.18,2.31,-1.85,2.61,7.17,2.37,3.02,0.52
WILM950104,-2.34,1.09,1.6,1.56,2.81,0.62,-0.48,2.57,5.03,-0.15,0.16,1.93,1.3,0.19,-1.06,3.59,-3.0,-2.58,7.26,2.06
KUHL950101,0.78,0.56,1.58,1.1,1.2,0.66,1.35,0.47,0.55,0.69,1.19,1.0,1.45,1.05,0.68,0.7,0.99,1.0,0.47,0.51
GUOD860101,25.0,100.0,-7.0,-26.0,-7.0,68.0,2.0,100.0,32.0,25.0,0.0,-2.0,14.0,7.0,-2.0,109.0,-26.0,56.0,91.0,62.0
JURD980101,1.1,3.8,-5.1,-4.11,-3.5,1.9,-3.6,2.8,2.5,-1.9,-3.68,-0.5,-3.2,-0.7,-0.64,-0.46,-3.2,-1.3,4.5,4.2
BASU050101,0.1366,0.4251,0.0363,-0.0101,-0.0345,0.1747,-0.1233,0.4076,0.2745,0.0019,0.0325,-0.0433,-0.0484,0.0589,-0.0464,0.2362,0.0549,0.3167,0.4172,0.4084
BASU050102,0.0728,0.3819,0.0394,-0.0053,-0.039,0.1613,-0.0552,0.4201,0.3557,-0.0492,0.0126,-0.0282,-0.0295,0.0239,-0.0589,0.4114,0.0874,0.3113,0.3805,0.2947
BASU050103,0.151,0.3926,-0.0103,-0.0158,0.0381,0.216,0.0047,0.3455,0.3222,0.0844,0.0246,0.004,-0.0639,0.1462,0.0248,0.2657,0.1335,0.2998,0.4238,0.3997
SUYM030101,-0.058,0.138,0.0,-0.112,0.027,0.275,0.016,0.24,0.447,-0.478,-0.073,-0.177,-0.128,-0.163,0.331,0.564,0.195,0.322,0.06,-0.052
PUNT030101,-0.17,-0.28,0.37,0.32,0.18,-0.26,0.37,-0.41,-0.06,0.13,0.26,0.05,0.15,0.02,0.01,-0.15,-0.02,-0.09,-0.28,-0.17
PUNT030102,-0.15,-0.36,0.32,0.24,0.22,-0.19,0.41,-0.22,-0.15,0.15,0.03,0.16,0.3,-0.08,0.08,-0.28,0.06,-0.03,-0.29,-0.24
GEOR030101,0.964,1.085,1.143,0.944,0.944,1.032,0.916,1.119,0.778,1.299,1.047,0.947,1.051,1.017,0.835,0.895,1.014,1.0,0.922,0.955
GEOR030102,0.974,1.11,1.129,0.946,0.988,0.923,0.892,1.122,0.972,1.362,1.092,0.932,1.054,1.023,0.845,0.879,0.949,0.902,0.928,0.923
GEOR030103,0.938,1.0,1.137,0.952,0.902,1.077,0.857,1.11,0.6856,1.266,0.916,0.956,1.139,1.018,0.892,0.971,1.109,1.157,0.986,0.959
GEOR030104,1.042,1.193,1.069,0.979,0.828,0.998,0.97,0.981,0.5,1.332,1.111,0.984,0.992,0.992,0.743,0.96,1.034,1.12,0.852,1.001
GEOR030105,1.065,1.192,1.131,0.478,0.762,1.369,0.836,1.368,1.015,1.241,0.861,1.097,0.736,0.822,1.022,1.017,0.973,0.836,1.189,1.14
GEOR030106,0.99,1.106,1.132,1.003,0.873,1.093,0.915,1.121,0.644,1.314,0.999,0.911,1.053,0.988,0.785,0.939,1.054,1.09,0.95,0.957
GEOR030107,0.892,0.994,1.154,0.944,1.144,0.782,0.925,1.058,1.035,1.309,1.2,0.986,1.115,1.11,0.917,0.841,0.992,0.866,0.817,0.9
GEOR030108,1.092,1.276,1.239,1.008,0.927,1.171,0.919,1.09,0.662,0.8,1.124,0.886,1.199,0.832,0.698,0.981,1.012,1.075,0.912,0.908
GEOR030109,0.843,0.885,1.038,0.893,0.956,0.878,0.906,1.151,0.896,1.816,0.968,1.003,0.9,1.189,0.978,0.852,1.05,0.945,0.946,0.999
ZHOH040101,2.18,4.71,2.71,2.12,1.85,3.63,1.75,5.88,3.89,2.09,2.16,1.66,1.89,2.18,1.17,6.46,2.51,5.01,4.5,3.77
ZHOH040102,1.79,4.72,3.2,2.5,2.83,3.91,2.33,4.84,2.22,2.45,2.37,1.82,2.52,2.45,0.7,5.64,3.06,4.46,4.59,3.67
ZHOH040103,13.4,20.8,8.5,6.1,7.6,15.7,8.2,23.9,22.6,9.9,8.5,8.2,7.3,10.3,7.0,24.5,11.3,19.5,20.3,19.5
BAEK050101,0.0166,0.2523,-0.0762,-0.2134,-0.0786,0.0197,-0.1278,0.3561,0.5724,-0.4188,-0.1051,-0.1629,-0.1794,-0.0701,-0.0442,0.3836,0.1643,0.25,0.2758,0.1782
HARY940101,90.1,164.6,192.8,170.0,127.5,167.7,117.1,193.5,113.2,123.1,149.4,94.2,140.8,120.0,63.8,197.1,159.3,231.7,164.9,139.1
PONJ960101,91.5,163.4,196.1,162.5,138.3,165.9,135.2,198.8,114.4,123.4,156.4,102.0,154.6,126.0,67.5,209.8,163.2,237.2,162.6,138.4
DIGM050101,1.076,1.054,1.361,1.105,1.056,0.974,1.29,0.869,0.753,0.82,0.729,1.342,1.118,0.871,1.346,0.666,0.985,0.531,0.926,1.131
WOLR790101,1.12,1.18,-2.55,-0.8,-0.83,0.55,-0.83,0.67,0.59,0.54,-0.78,-0.05,-0.92,-0.02,1.2,-0.19,-0.93,-0.23,1.16,1.13
OLSK800101,1.38,1.47,0.0,0.15,0.37,1.78,0.52,1.72,1.43,0.85,0.22,0.86,0.71,0.89,1.34,0.82,0.66,0.47,2.32,1.99
KIDA850101,-0.27,-1.1,1.87,1.7,0.81,-0.73,0.81,-1.43,-1.05,-0.75,1.1,0.42,1.17,0.63,-0.16,-1.57,0.28,-0.56,-0.77,-0.4
GUYH850102,0.05,-0.62,0.12,0.57,0.29,-0.38,0.41,-0.45,-0.84,0.46,0.46,0.12,0.38,0.38,0.31,-0.98,-0.41,-0.25,-0.69,-0.46
GUYH850103,0.54,-1.08,-0.16,0.48,0.38,-0.97,0.65,-1.51,-1.13,-0.22,0.05,0.65,0.38,0.27,,-1.61,-0.59,-1.13,-2.15,-0.75
GUYH850104,-0.31,-0.53,1.3,1.79,0.49,-0.38,0.58,-0.45,-0.87,0.34,0.7,0.1,0.68,0.21,-0.33,-0.27,0.13,0.4,-0.66,-0.62
GUYH850105,-0.27,-0.44,2.0,1.17,0.61,-0.31,0.5,-0.55,-0.23,0.36,1.0,0.17,0.33,0.18,-0.22,0.05,0.37,0.48,-0.8,-0.65
ROSM880104,0.39,1.82,,0.32,-1.91,0.96,-0.71,2.27,0.25,,-1.3,-1.24,-0.18,-1.0,0.0,2.13,-0.6,1.47,1.82,1.3
ROSM880105,0.39,1.82,-3.95,-2.77,-1.91,0.96,-3.81,2.27,0.25,,-1.3,-1.24,-2.91,-1.0,0.0,2.13,-0.64,1.47,1.82,1.3
JACR890101,0.18,0.41,-5.4,-2.53,-1.3,0.44,-2.36,0.5,0.27,-0.2,-1.22,-0.4,-2.1,-0.34,0.09,-0.01,-1.48,-0.08,0.37,0.32
COWR900101,0.42,1.8,-1.56,-2.03,-1.03,1.18,-0.51,1.74,0.84,0.86,-0.96,-0.64,-0.37,-0.26,0.0,1.46,-2.28,0.51,1.81,1.34
BLAS910101,0.616,0.943,0.0,0.283,0.236,0.738,0.028,1.0,0.68,0.711,0.251,0.359,0.043,0.45,0.501,0.878,0.165,0.88,0.943,0.825
CASG920101,0.2,0.5,-0.7,-1.6,-0.5,0.5,-1.4,1.0,1.9,-1.0,-1.1,-0.7,-1.3,-0.4,-0.1,1.6,0.4,0.5,1.4,0.7
CORJ870101,50.76,53.89,48.66,42.92,45.8,52.75,43.17,53.45,58.74,45.39,46.09,47.24,43.48,49.26,50.27,53.59,49.33,51.79,57.3,56.12
CORJ870102,-0.414,1.215,-0.584,-0.67,-0.916,1.02,-1.31,1.938,0.162,-0.503,-0.905,-0.563,-1.218,-0.289,-0.684,0.514,-0.63,1.699,1.237,0.899
CORJ870103,-0.96,6.81,0.75,-5.62,-1.94,4.76,-5.68,5.06,4.54,-4.47,-5.3,-1.92,-3.86,-3.99,-1.28,0.21,-0.62,3.34,5.54,5.39
CORJ870104,-0.26,1.52,0.08,-1.01,-0.46,1.09,-1.3,1.09,0.83,-0.62,-0.83,-0.55,-0.73,-0.71,-0.4,-0.13,-0.18,0.69,1.1,1.15
CORJ870105,-0.73,4.91,-1.03,-5.99,-5.29,3.34,-6.13,5.2,0.64,-4.32,-0.96,-3.0,-2.9,-1.91,-2.67,0.51,3.03,2.87,5.04,3.98
CORJ870106,-1.35,9.88,-3.89,-11.92,-10.96,7.47,-11.88,11.35,4.37,-10.86,-1.34,-6.21,-4.56,-4.83,-5.82,1.8,6.54,7.61,10.93,8.2
CORJ870107,-0.56,4.09,-0.26,-4.08,-2.87,3.11,-4.31,3.67,1.78,-3.22,-2.31,-1.85,-2.35,-1.97,-1.35,-0.11,0.81,2.17,3.83,3.31
CORJ870108,1.37,-8.68,1.33,7.7,6.29,-7.13,8.93,-7.96,-4.47,6.25,3.88,4.08,4.04,4.02,3.39,0.79,-1.65,-4.73,-7.92,-6.94
MIYS990101,-0.02,-2.29,0.44,1.01,0.63,-1.36,0.72,-2.22,-0.96,0.47,0.56,0.55,0.74,0.25,0.38,-1.28,0.0,-0.88,-1.89,-1.34
MIYS990102,0.0,-0.37,0.07,0.17,0.1,-0.22,0.12,-0.36,-0.16,0.08,0.09,0.09,0.12,0.04,0.06,-0.21,0.0,-0.14,-0.31,-0.22
MIYS990103,-0.03,-0.38,0.09,0.32,0.13,-0.3,0.17,-0.34,-0.36,0.2,0.13,0.1,0.23,0.01,0.09,-0.24,-0.04,-0.23,-0.33,-0.29
MIYS990104,-0.04,-0.37,0.07,0.33,0.13,-0.3,0.19,-0.38,-0.38,0.19,0.14,0.12,0.23,0.03,0.09,-0.33,-0.04,-0.29,-0.34,-0.29
MIYS990105,-0.02,-0.32,0.08,0.3,0.1,-0.25,0.19,-0.33,-0.32,0.11,0.15,0.11,0.21,0.05,-0.02,-0.27,-0.02,-0.23,-0.28,-0.23
ENGD860101,-1.6,-2.8,12.3,8.8,4.8,-3.4,9.2,-3.7,-2.0,0.2,4.1,-0.6,8.2,-1.2,-1.0,-1.9,3.0,0.7,-3.1,-2.6
FASG890101,-0.21,-4.68,2.11,3.88,0.96,-3.66,1.36,-4.65,-6.04,0.75,1.52,1.74,2.3,0.78,0.0,-3.32,-1.23,-1.01,-4.81,-3.5
KARS160101,2.0,5.0,8.0,6.0,5.0,5.0,5.0,8.0,3.0,4.0,6.0,3.0,6.0,4.0,1.0,11.0,7.0,9.0,5.0,4.0
KARS160102,1.0,4.0,7.0,5.0,4.0,4.0,4.0,8.0,2.0,4.0,5.0,2.0,5.0,3.0,0.0,12.0,6.0,9.0,4.0,3.0
KARS160103,2.0,8.0,12.0,10.0,8.0,8.0,8.0,14.0,4.0,8.0,10.0,4.0,10.0,6.0,0.0,24.0,14.0,18.0,8.0,6.0
KARS160104,1.0,4.0,6.0,4.0,4.0,4.0,4.0,6.0,2.0,4.0,4.0,2.0,5.0,3.0,1.0,8.0,6.0,7.0,4.0,3.0
KARS160105,1.0,5.0,8.12,7.0,5.0,5.4,5.17,7.0,2.33,4.0,5.86,1.67,6.0,3.25,0.0,11.1,6.71,8.88,3.25,3.25
KARS160106,1.0,3.0,6.0,5.0,3.0,3.0,3.0,6.0,1.0,4.0,4.0,2.0,4.0,1.0,0.0,9.0,6.0,6.0,3.0,1.0
KARS160107,1.0,6.0,12.0,9.0,6.0,7.0,6.0,11.0,3.0,4.0,8.0,3.0,8.0,4.0,0.0,14.0,9.0,13.0,6.0,4.0
KARS160108,1.0,1.6,1.5,1.667,1.6,1.6,1.6,1.75,1.333,2.0,1.667,1.333,1.667,1.5,0.0,2.182,2.0,2.0,1.6,1.5
KARS160109,2.0,11.029,12.499,10.363,11.539,9.49,11.539,14.851,6.243,12.0,12.207,5.0,11.53,9.928,0.0,13.511,12.876,12.868,10.851,9.928
KARS160110,0.0,-4.729,-4.307,-3.151,-4.178,-2.812,-4.178,-4.801,-2.243,-4.0,-4.255,1.0,-3.425,-3.928,0.0,-6.324,-3.721,-4.793,-6.085,-3.928
KARS160111,1.0,3.2,3.5,3.0,3.2,2.8,3.2,4.25,2.0,4.0,3.333,2.0,3.333,3.0,0.0,4.0,4.286,4.333,1.8,3.0
KARS160112,2.0,1.052,-2.59,-0.536,0.528,0.678,0.528,-1.672,2.0,4.0,-1.043,2.0,-0.538,3.0,0.0,-2.576,-1.185,-2.054,-1.517,3.0
KARS160113,6.0,12.0,19.0,12.0,12.0,18.0,12.0,18.0,6.0,12.0,12.0,6.0,12.0,6.0,1.0,24.0,15.0,18.0,12.0,6.0
KARS160114,6.0,15.6,31.444,24.5,16.5,27.2,16.4,23.25,16.67,12.0,21.167,13.33,21.0,12.4,3.5,27.5,23.1,27.78,15.6,10.5
KARS160115,6.0,12.0,20.0,18.0,14.0,18.0,12.0,18.0,12.0,12.0,15.0,8.0,14.0,8.0,1.0,18.0,18.0,20.0,12.0,6.0
KARS160116,6.0,18.0,38.0,31.0,20.0,34.0,20.0,24.0,22.0,12.0,24.0,20.0,26.0,14.0,6.0,36.0,31.0,38.0,18.0,12.0
KARS160117,12.0,30.0,45.0,37.0,33.007,40.0,34.0,48.0,28.0,24.0,39.0,22.0,40.0,27.0,7.0,68.0,47.0,56.0,30.0,24.007
KARS160118,6.0,6.0,5.0,6.17,6.6,8.0,6.8,6.0,9.33,6.0,6.5,7.33,6.67,5.4,3.5,5.667,4.7,6.22,6.0,6.0
KARS160119,12.0,25.021,23.343,22.739,27.708,31.344,28.634,26.993,28.0,24.0,27.831,20.0,28.731,23.819,7.0,29.778,24.243,28.252,24.841,24.0
KARS160120,0.0,0.0,0.0,-0.179,0.0,0.0,0.0,0.0,0.0,0.0,0.0,0.0,0.0,-4.227,0.0,0.211,-1.734,-0.96,-1.641,0.0
KARS160121,6.0,9.6,10.667,10.167,10.0,13.6,10.4,12.0,11.333,12.0,10.5,8.667,10.667,9.0,3.5,12.75,10.4,12.222,9.6,9.0
KARS160122,0.0,3.113,4.2,1.372,3.0,2.656,2.969,2.026,6.0,12.0,1.849,6.0,1.822,6.0,0.0,2.044,1.605,1.599,3.373,6.0
