,ESOL,Group,TMAP1,TMAP2,smiles
0,-0.77,4 (195),0.10933446884155273,-0.24768579006195068,OCC3OC(OCC2OC(OC(C#N)c1ccccc1)C(O)C(O)C2O)C(O)C(O)C3O 
1,-3.3,3 (189),0.04058283567428589,-0.2810431122779846,Cc1occc1C(=O)Nc2ccccc2
2,-2.06,4 (195),0.22462117671966553,-0.33251768350601196,CC(C)=CCCC(C)=CC(=O)
3,-7.87,1 (262),-0.31798678636550903,-0.02902597188949585,c1ccc2c(c1)ccc3c2ccc4c5ccccc5ccc43
4,-1.33,1 (262),-0.012669920921325684,0.029356062412261963,c1ccsc1
5,-1.5,1 (262),-0.23202958703041077,0.14898598194122314,c2ccc1scnc1c2 
6,-7.32,2 (217),-0.19374185800552368,-0.1643044650554657,Clc1cc(Cl)c(c(Cl)c1)c2c(Cl)cccc2Cl
7,-5.03,1 (262),-0.3771243691444397,0.09528928995132446,CC12CCC3C(CCc4cc(O)ccc34)C2CCC1O
8,-6.29,2 (217),-0.1723252832889557,-0.21502336859703064,ClC4=C(Cl)C5(Cl)C3C1CC(C2OC12)C3C4(Cl)C5(Cl)Cl
9,-4.42,2 (217),-0.2134418785572052,-0.1451907455921173,COc5cc4OCC3Oc2c1CC(Oc1ccc2C(=O)C3c4cc5OC)C(C)=C 
10,1.07,4 (195),0.2358454465866089,-0.46918681263923645,O=C1CCCN1
11,-4.14,1 (262),-0.22042497992515564,0.11441171169281006,Clc1ccc2ccccc2c1
12,-2.68,5 (265),0.1902192234992981,0.14257705211639404,CCCC=C
13,-2.64,4 (195),0.3260544538497925,-0.35643821954727173,CCC1(C(=O)NCNC1=O)c2ccccc2
14,-7.96,5 (265),0.2755868434906006,0.11887049674987793,CCCCCCCCCCCCCC
15,-1.41,5 (265),0.46216118335723877,-0.02112439274787903,CC(C)Cl
16,-0.47,5 (265),0.422147274017334,-0.08300003409385681,CCC(C)CO
17,-1.0,1 (262),-0.0075945258140563965,0.04275542497634888,N#Cc1ccccc1
18,-3.64,3 (189),-0.07119685411453247,-0.42704862356185913,CCOP(=S)(OCC)Oc1cc(C)nc(n1)C(C)C
19,-2.94,5 (265),0.33519333600997925,0.040724337100982666,CCCCCCCCCC(C)O
20,-7.43,2 (217),-0.25660616159439087,-0.3011232614517212,Clc1ccc(c(Cl)c1)c2c(Cl)ccc(Cl)c2Cl 
21,-4.5939999999999985,4 (195),0.22601968050003052,-0.47524863481521606,O=c2[nH]c1CCCc1c(=O)n2C3CCCCC3
22,-4.11,2 (217),-0.4718627333641052,0.0058135986328125,CCOP(=S)(OCC)SCSCC
23,-2.35,3 (189),-0.03646719455718994,-0.19804805517196655,CCOc1ccc(NC(=O)C)cc1
24,-5.47,3 (189),-0.17372354865074158,-0.43453431129455566,CCN(CC)c1c(cc(c(N)c1N(=O)=O)C(F)(F)F)N(=O)=O
25,-1.81,5 (265),0.31267255544662476,0.1255536675453186,CCCCCCCO
26,-1.39,2 (217),-0.3775689899921417,-0.22505444288253784,Cn1c(=O)n(C)c2nc[nH]c2c1=O
27,-1.661,4 (195),0.2816755771636963,-0.4213162660598755,CCCCC1(CC)C(=O)NC(=O)NC1=O
28,-6.9,1 (262),-0.12373843789100647,0.04605585336685181,ClC(Cl)=C(c1ccc(Cl)cc1)c2ccc(Cl)cc2
29,-3.17,4 (195),0.2881431579589844,-0.26770055294036865,CCCCCCCC(=O)OC
30,-3.75,1 (262),-0.03173711895942688,0.14669066667556763,CCc1ccc(CC)cc1
31,-4.755,2 (217),-0.4677952527999878,-0.003838777542114258,CCOP(=S)(OCC)SCSC(C)(C)C
32,-4.805,3 (189),0.06316184997558594,-0.14670121669769287,COC(=O)Nc1cccc(OC(=O)Nc2cccc(C)c2)c1
33,-1.64,4 (195),0.23276448249816895,-0.3824959993362427,ClC(=C)Cl
34,-5.22,1 (262),-0.3772304654121399,0.04365122318267822,Cc1cccc2c1Cc3ccccc32
35,-0.85,5 (265),0.2080780267715454,0.11110401153564453,CCCCC=O
36,-3.504,3 (189),0.011351168155670166,-0.3026074767112732,N(c1ccccc1)c2ccccc2
37,-3.927,3 (189),-0.038270264863967896,-0.15757504105567932,CN(C)C(=O)SCCCCOc1ccccc1
38,-4.15,2 (217),-0.47443974018096924,-0.016054391860961914,CCCOP(=S)(OCCC)SCC(=O)N1CCCCC1C
39,-4.81,5 (265),0.27031248807907104,0.20035624504089355,CCCCCCCI
40,-4.88,1 (262),-0.01733255386352539,-0.014422416687011719,c1c(Cl)cccc1c2ccccc2
41,-0.15,5 (265),0.16994446516036987,0.15075743198394775,OCCCC=C
42,-1.655,4 (195),0.275101900100708,-0.47332435846328735,O=C2NC(=O)C1(CCC1)C(=O)N2
43,-2.53,5 (265),0.17422032356262207,0.05218172073364258,CC(C)C1CCC(C)CC1O 
44,-0.63,5 (265),0.2594243884086609,-0.09350895881652832,CC(C)OC=O
45,-1.55,5 (265),0.3362899422645569,0.03521674871444702,CCCCCC(C)O
46,-3.083,3 (189),-0.028759539127349854,-0.23250430822372437,CC(=O)Nc1ccc(Br)cc1
47,-3.127,3 (189),0.030380070209503174,-0.1528683304786682,c1ccccc1n2ncc(N)c(Br)c2(=O)
48,-4.76,3 (189),-0.14471718668937683,-0.3765745460987091,COC(=O)C1=C(C)NC(=C(C1c2ccccc2N(=O)=O)C(=O)OC)C 
49,-1.94,1 (262),-0.25211626291275024,0.05575615167617798,c2c(C)cc1nc(C)ccc1c2 
50,-3.66,5 (265),0.2577033042907715,0.20977658033370972,CCCCCCC#C
51,-2.17,4 (195),0.345742404460907,-0.3565981984138489,CCC1(C(=O)NC(=O)NC1=O)C2=CCCCC2 
52,-8.057,1 (262),-0.3135182857513428,-0.03273618221282959,c1ccc2c(c1)ccc3c4ccccc4ccc23
53,-2.523,4 (195),0.18895256519317627,-0.24006611108779907,CCC(C)n1c(=O)[nH]c(C)c(Br)c1=O 
54,-8.6,2 (217),-0.16941159963607788,-0.07805463671684265,Clc1cccc(c1Cl)c2c(Cl)c(Cl)cc(Cl)c2Cl 
55,-0.62,2 (217),-0.2595314383506775,-0.08465978503227234,Cc1ccccc1O
56,-5.05,5 (265),0.3092678189277649,-0.04282417893409729,CC(C)CCC(C)(C)C
57,-4.14,2 (217),-0.3241941034793854,-0.09728360176086426,Cc1ccc(C)c2ccccc12
58,-6.57,1 (262),-0.30359625816345215,-0.0036329329013824463,Cc1cc2c3ccccc3ccc2c4ccccc14
59,-0.19,4 (195),0.228218674659729,-0.33813410997390747,CCCC(=O)C
60,-9.15,2 (217),-0.21905627846717834,-0.23359239101409912,Clc1cc(Cl)c(Cl)c(c1Cl)c2c(Cl)c(Cl)cc(Cl)c2Cl 
61,-0.82,4 (195),0.2744396924972534,-0.1977233588695526,CCCOC(=O)CC
62,-3.68,1 (262),-0.2961704730987549,0.26733607053756714,CC34CC(O)C1(F)C(CCC2=CC(=O)C=CC12C)C3CC(O)C4(O)C(=O)CO
63,-0.8,1 (262),-0.09940901398658752,0.13853222131729126,Nc1ccc(O)cc1
64,-2.81,3 (189),-0.1472475528717041,-0.4020879864692688,O=C(Cn1ccnc1N(=O)=O)NCc2ccccc2
65,-5.931,2 (217),-0.17534476518630981,-0.020400136709213257,OC4=C(C1CCC(CC1)c2ccc(Cl)cc2)C(=O)c3ccccc3C4=O
66,-4.06,4 (195),0.03434354066848755,-0.4956696927547455,CCNc1nc(Cl)nc(n1)N(CC)CC
67,-0.667,4 (195),0.14318400621414185,-0.29755735397338867,NC(=O)c1cnccn1
68,-2.68,5 (265),0.3387468457221985,-0.05219230055809021,CCC(Br)(CC)C(=O)NC(N)=O
69,-5.27,2 (217),-0.16843146085739136,-0.030335664749145508,Clc1ccccc1c2ccccc2Cl 
70,-3.38,3 (189),-0.12442871928215027,-0.3333909809589386,O=C2CN(N=Cc1ccc(o1)N(=O)=O)C(=O)N2 
71,-5.46,3 (189),-0.056453824043273926,-0.35256803035736084,Clc2ccc(Oc1ccc(cc1)N(=O)=O)c(Cl)c2
72,-1.96,1 (262),-0.31417131423950195,0.18857115507125854,CC1(C)C2CCC1(C)C(=O)C2
73,-2.369,4 (195),0.32054734230041504,-0.3723040223121643,O=C1NC(=O)NC(=O)C1(CC=C)c1ccccc1
74,-2.25,4 (195),0.3036431074142456,-0.23230096697807312,CCCCC(=O)OCC
75,-1.92,5 (265),0.2610870599746704,-0.11706721782684326,CC(C)CCOC(=O)C
76,-5.886,4 (195),0.34431129693984985,-0.29630354046821594,O=C1N(COC(=O)CCCCC)C(=O)C(N1)(c2ccccc2)c3ccccc3
77,-6.01,2 (217),-0.27185267210006714,-0.33894261717796326,Clc1cccc(c1)c2cc(Cl)ccc2Cl 
78,-1.73,5 (265),0.2888209819793701,0.1598578691482544,CCCBr
79,-3.4930000000000003,1 (262),-0.15716201066970825,0.07037293910980225,CCCC1COC(Cn2cncn2)(O1)c3ccc(Cl)cc3Cl
80,-1.995,2 (217),-0.47754859924316406,-0.027558326721191406,COP(=S)(OC)SCC(=O)N(C)C=O
81,-0.466,2 (217),-0.27097100019454956,-0.12663120031356812,Cc1ncnc2nccnc12
82,0.32,3 (189),0.01339799165725708,-0.2753334641456604,NC(=S)N
83,-2.77,1 (262),-0.049901217222213745,0.10077816247940063,Cc1ccc(C)cc1
84,-3.28,1 (262),-0.032750099897384644,0.1805860996246338,CCc1ccccc1CC
85,-3.67,5 (265),0.34080517292022705,-0.09075501561164856,ClC(Cl)(Cl)C(Cl)(Cl)Cl
86,-6.876,3 (189),-0.09263923764228821,-0.15592274069786072,CC(C)C(C(=O)OC(C#N)c1cccc(Oc2ccccc2)c1)c3ccc(OC(F)F)cc3
87,-0.8,3 (189),-0.0844486653804779,-0.2942023277282715,CCCN(=O)=O
88,-2.35,5 (265),0.1728452444076538,0.05624949932098389,CC(C)C1CCC(C)CC1=O
89,-5.36,2 (217),-0.4187852144241333,-0.07694488763809204,CCN2c1cc(Cl)ccc1NC(=O)c3cccnc23 
90,-3.48,3 (189),-0.16411346197128296,-0.4116656184196472,O=N(=O)c1c(Cl)c(Cl)ccc1
91,-3.46,4 (195),0.33953434228897095,-0.4091356694698334,CCCC(C)C1(CC=C)C(=O)NC(=S)NC1=O 
92,-6.0,1 (262),-0.33987879753112793,0.029550015926361084,c1ccc2c(c1)c3cccc4cccc2c34
93,-1.34,5 (265),0.2638280391693115,-0.042969077825546265,CCCOC(C)C
94,-4.29,1 (262),-0.2768459916114807,0.03882104158401489,Cc1cc(C)c2ccccc2c1
95,-4.07,4 (195),0.17091113328933716,-0.26093119382858276,CCC(=C(CC)c1ccc(O)cc1)c2ccc(O)cc2 
96,-5.64,2 (217),-0.2277795672416687,-0.23439094424247742,c1(C#N)c(Cl)c(C#N)c(Cl)c(Cl)c(Cl)1
97,-7.25,2 (217),-0.2687719464302063,-0.3384743332862854,Clc1ccc(Cl)c(c1)c2ccc(Cl)c(Cl)c2
98,-1.6,1 (262),-0.02214917540550232,0.045073628425598145,C1OC1c2ccccc2 
99,-3.27,4 (195),0.0768309235572815,-0.351120263338089,CC(C)c1ccccc1
100,-3.45,1 (262),-0.33220863342285156,0.22094225883483887,CC12CCC3C(CCC4=CC(=O)CCC34C)C2CCC1C(=O)CO
101,-5.43,2 (217),-0.2282957136631012,-0.25112056732177734,c2(Cl)c(Cl)c(Cl)c1nccnc1c2(Cl) 
102,0.39,5 (265),0.16658222675323486,0.03244757652282715,C1OC(O)C(O)C(O)C1O
103,-0.63,5 (265),0.19221347570419312,0.2399924397468567,ClCCl
104,-4.17,1 (262),-0.03472891449928284,0.18255645036697388,CCc1cccc2ccccc12
105,0.58,5 (265),0.25162041187286377,-0.07347190380096436,COC=O
106,-1.74,3 (189),-0.1496683955192566,-0.3916569948196411,Oc1ccccc1N(=O)=O
107,-1.506,2 (217),-0.3492635488510132,-0.13512125611305237,Cc1c[nH]c(=O)[nH]c1=O 
108,-2.55,5 (265),0.4766654968261719,-0.02324742078781128,CC(C)C
109,-1.23,4 (195),0.12581294775009155,-0.22770604491233826,OCC1OC(C(O)C1O)n2cnc3c(O)ncnc23
110,-3.61,1 (262),0.002965211868286133,0.049273014068603516,Oc1c(I)cc(C#N)cc1I
111,-4.7,3 (189),-0.04364815354347229,-0.3389631509780884,Oc1ccc(Cl)cc1C(=O)Nc2ccc(cc2Cl)N(=O)=O
112,-3.18,5 (265),0.27491098642349243,0.014879584312438965,CCCCC
113,0.0,1 (262),-0.03362300992012024,0.02933967113494873,c1ccccc1O
114,-5.17,1 (262),-0.2416653335094452,0.09530407190322876,Nc3ccc2cc1ccccc1cc2c3 
115,-2.523,2 (217),-0.3656243681907654,-0.2042173147201538,Cn1cnc2n(C)c(=O)[nH]c(=O)c12 
116,-1.45,1 (262),-0.205039381980896,0.1121017336845398,c1ccc2cnccc2c1
117,-4.432,2 (217),-0.48371052742004395,-0.0381220281124115,COP(=S)(OC)SCC(=O)N(C(C)C)c1ccc(Cl)cc1
118,-5.21,1 (262),-0.010552436113357544,0.21234995126724243,CCCCCCc1ccccc1
119,-4.54,2 (217),-0.16364359855651855,-0.03554663062095642,Clc1ccccc1c2ccccc2
120,-3.03,4 (195),0.23030930757522583,-0.3508111834526062,CCCC(=C)C
121,-4.8,5 (265),0.48378199338912964,-0.039450645446777344,CC(C)C(C)C(C)C
122,-5.65,2 (217),-0.22583195567131042,-0.25345170497894287,Clc1cc(Cl)c(Cl)c(Cl)c1Cl
123,-1.01,3 (189),-0.10705894231796265,-0.3140494227409363,Oc1cccc(c1)N(=O)=O
124,-5.51,5 (265),0.2460898756980896,0.10057365894317627,CCCCCCCCC=C
125,-0.6,5 (265),0.25878745317459106,-0.12462329864501953,CC(=O)OCC(COC(=O)C)OC(=O)C
126,-2.24,4 (195),0.058571815490722656,-0.423159658908844,CCCCc1c(C)nc(nc1O)N(C)C 
127,-7.3370000000000015,3 (189),-0.0800553560256958,-0.14998281002044678,CC1(C)C(C=C(Cl)Cl)C1C(=O)OC(C#N)c2ccc(F)c(Oc3ccccc3)c2
128,0.76,1 (262),-0.09098240733146667,0.155625581741333,c1ccncc1
129,-4.43,5 (265),0.27434277534484863,0.13500350713729858,CCCCCCCBr
130,0.36,1 (262),-0.20130878686904907,0.11140221357345581,Cc1ccncc1C
131,-3.43,1 (262),-0.3047395944595337,0.25811493396759033,CC34CC(O)C1(F)C(CCC2=CC(=O)CCC12C)C3CCC4(O)C(=O)CO 
132,-2.09,3 (189),0.0735211968421936,-0.07363718748092651,CCSCc1ccccc1OC(=O)NC 
133,-0.82,4 (195),0.29346519708633423,-0.19070139527320862,CCOC(=O)CC(=O)OCC
134,-4.26,1 (262),-0.3194904923439026,0.1236799955368042,CC1=CCC(CC1)C(C)=C
135,-3.04,1 (262),-0.37761780619621277,0.05537295341491699,C1Cc2ccccc2C1
136,-2.41,1 (262),-0.10801535844802856,0.1359180212020874,CC(C)(C)c1ccc(O)cc1
137,-1.886,4 (195),0.26919490098953247,-0.4623723328113556,O=C2NC(=O)C1(CC1)C(=O)N2 
138,-3.55,1 (262),-0.010482847690582275,-0.03946009278297424,Clc1cccc(I)c1
139,-4.35,1 (262),-0.30136075615882874,-0.031245499849319458,Brc1cccc2ccccc12
140,-2.54,5 (265),0.20952153205871582,0.10237479209899902,CC/C=C/C
141,0.45,2 (217),-0.2876128554344177,-0.0869988203048706,Cc1cccc(C)n1
142,-1.96,5 (265),0.13742762804031372,0.16845285892486572,ClC=C(Cl)Cl
143,-1.92,1 (262),-0.30726534128189087,-0.03745737671852112,Nc1cccc2ccccc12
144,-2.82,1 (262),0.03132420778274536,0.005574285984039307,Cc1cccc(C)c1
145,-1.947,2 (217),-0.2855241000652313,-0.17196524143218994,Oc2ncc1nccnc1n2
146,1.57,5 (265),0.2669028639793396,-0.12182384729385376,CO
147,-2.468,4 (195),0.27504998445510864,-0.4226401150226593,CCC1(CCC(C)C)C(=O)NC(=O)NC1=O
148,0.52,4 (195),0.21634304523468018,-0.3443002700805664,CCC(=O)C
149,-1.077,2 (217),-0.35791653394699097,-0.15491712093353271,Fc1c[nH]c(=O)[nH]c1=O 
150,-1.95,4 (195),0.12561821937561035,-0.2238130271434784,Nc1ncnc2n(ccc12)C3OC(CO)C(O)C3O 
151,0.81,1 (262),0.012271642684936523,-0.01760852336883545,Oc1cccc(O)c1
152,-1.24,5 (265),0.3150385618209839,0.12394994497299194,CCCCCCO
153,-2.73,5 (265),0.22331273555755615,0.2066429853439331,CCCCCCl
154,-1.87,5 (265),0.15845060348510742,0.15788328647613525,C=CC=C
155,-0.72,5 (265),0.2593931555747986,-0.14143019914627075,CCCOC(=O)C
156,-1.99,1 (262),-0.37706583738327026,0.08353722095489502,Oc2ccc1CCCCc1c2 
157,-0.02,4 (195),0.18108874559402466,-0.3694867491722107,NC(=O)CCl 
158,-6.62,3 (189),-0.05531594157218933,-0.3985539376735687,COP(=S)(OC)Oc1cc(Cl)c(I)cc1Cl
159,-3.08,1 (262),-0.05133336782455444,0.10421961545944214,Cc1ccc(Cl)cc1
160,-2.253,4 (195),0.05302441120147705,-0.4604008197784424,CSc1nnc(c(=O)n1N)C(C)(C)C
161,-6.01,1 (262),-0.26270025968551636,0.058154284954071045,Cc1ccc(OP(=O)(Oc2cccc(C)c2)Oc3ccccc3C)cc1
162,-1.3,5 (265),0.21769338846206665,0.11297374963760376,CCCCCC=O
163,-3.082,4 (195),0.18065708875656128,-0.27813196182250977,CCCCOC(=O)c1ccc(N)cc1
164,-3.043,2 (217),-0.4168156385421753,-0.011697202920913696,O2c1cc(C)ccc1N(C)C(=O)c3cc(N)cnc23 
165,-2.46,4 (195),0.2211531400680542,-0.3276612162590027,CC(C)=CCC/C(C)=C\CO
166,-5.28,2 (217),-0.16010421514511108,-0.04083538055419922,Clc1ccc(cc1)c2ccccc2Cl 
167,-6.523,4 (195),0.34221363067626953,-0.28591978549957275,O=C1N(COC(=O)CCCCCCC)C(=O)C(N1)(c2ccccc2)c3ccccc3
168,-0.22,3 (189),-0.08023878931999207,-0.29397404193878174,CCN(=O)=O
169,-6.124,3 (189),-0.17196983098983765,-0.4259513020515442,CCN(CC(C)=C)c1c(cc(cc1N(=O)=O)C(F)(F)F)N(=O)=O
170,-4.57,2 (217),-0.2798302471637726,-0.2969594895839691,Clc1ccc(Cl)c(Cl)c1Cl
171,-1.807,4 (195),0.3060557246208191,-0.1883014738559723,CCCC(C)(COC(N)=O)COC(N)=O 
172,-4.65,1 (262),-0.352948397397995,0.2132941484451294,CC(=O)C3CCC4C2CC=C1CC(O)CCC1(C)C2CCC34C 
173,-1.0,5 (265),0.29293954372406006,0.22122681140899658,CI
174,-1.13,5 (265),0.17009252309799194,0.05350470542907715,CC1CC(C)C(=O)C(C1)C(O)CC2CC(=O)NC(=O)C2 
175,-6.301,4 (195),0.33736878633499146,-0.2755822241306305,O=C1N(COC(=O)CCCCCC)C(=O)C(N1)(c2ccccc2)c3ccccc3
176,-1.06,4 (195),0.07390803098678589,-0.3967379331588745,CC1=CC(=O)CC(C)(C)C1 
177,-2.39,4 (195),0.35835474729537964,-0.4213206171989441,O=C1NC(=O)NC(=O)C1(CC)C(C)CC
178,-2.58,4 (195),0.24501079320907593,-0.32344961166381836,CCCCC(=O)CCCC
179,-2.337,4 (195),0.33856719732284546,-0.3557497262954712,CCC1(CCC(=O)NC1=O)c2ccccc2 
180,-3.68,5 (265),0.4184078574180603,-0.06712853908538818,CCC(C)CC
181,-8.6,3 (189),-0.05236372351646423,-0.15878918766975403,CCOc1ccc(cc1)C(C)(C)COCc3cccc(Oc2ccccc2)c3
182,-2.925,1 (262),-0.3123708665370941,-0.02279728651046753,Cc1ccccc1n3c(C)nc2ccccc2c3=O
183,-0.092,5 (265),0.25460153818130493,0.28231877088546753,ClCC#N
184,-5.752000000000002,3 (189),-0.06412652134895325,-0.40974974632263184,CCOP(=S)(CC)Oc1cc(Cl)c(Cl)cc1Cl
185,-5.66,1 (262),-0.3609175384044647,0.13913494348526,CC12CCC(=O)C=C1CCC3C2CCC4(C)C3CCC4(O)C#C 
186,1.1,1 (262),-0.09080749750137329,0.16004317998886108,c1ccnnc1
187,-4.63,2 (217),-0.2095513641834259,-0.21315336227416992,Clc1cc(Cl)c(Cl)c(Cl)c1
188,-7.32,1 (262),-0.3659285306930542,0.21707206964492798,C1C(O)CCC2(C)CC3CCC4(C)C5(C)CC6OCC(C)CC6OC5CC4C3C=C21
189,-0.72,2 (217),-0.25224462151527405,-0.07512050867080688,Nc1ccccc1O
190,-3.8,4 (195),0.2997491955757141,-0.26238977909088135,CCCCCCCCC(=O)OCC
191,-1.601,2 (217),-0.4969954788684845,-0.05497676134109497,COCC(=O)N(C(C)C(=O)OC)c1c(C)cccc1C 
192,-2.05,3 (189),0.07636076211929321,-0.08743101358413696,CNC(=O)Oc1ccccc1OC(C)C
193,-1.96,5 (265),0.44973474740982056,-0.028774648904800415,CCC(C)Cl
194,-2.28,1 (262),-0.21357488632202148,0.13340133428573608,Oc1ccc2ccccc2c1
195,-5.6960000000000015,3 (189),0.0582120418548584,-0.20627641677856445,CC(C)Oc1cc(c(Cl)cc1Cl)n2nc(oc2=O)C(C)(C)C
196,-2.36,5 (265),0.2569366693496704,0.23382467031478882,CCCCC#C
197,-4.24,5 (265),0.2595739960670471,0.20787286758422852,CCCCCCCC#C
198,-3.52,2 (217),-0.23932024836540222,-0.10274556279182434,Cc1ccccc1Cl
199,-1.1,5 (265),0.47469526529312134,-0.025462180376052856,CC(C)OC(C)C
200,-3.094,1 (262),-0.05604910850524902,0.08523547649383545,Nc1ccc(cc1)S(=O)(=O)c2ccc(N)cc2
201,1.34,4 (195),0.2947949171066284,-0.19317346811294556,CNN
202,-0.41,5 (265),0.2576027512550354,0.25909799337387085,CC#C
203,-4.862,4 (195),0.18978279829025269,-0.2501002252101898,CCOP(=S)(OCC)ON=C(C#N)c1ccccc1
204,-3.408,5 (265),0.2778245806694031,-0.13378027081489563,CCNP(=S)(OC)OC(=CC(=O)OC(C)C)C
205,0.57,5 (265),0.15620499849319458,0.16094177961349487,C=CC=O
206,-2.296,2 (217),-0.38591498136520386,-0.23229530453681946,O=c1[nH]cnc2nc[nH]c12 
207,-2.16,1 (262),-0.20774507522583008,0.1480366587638855,Oc2ccc1ncccc1c2 
208,-1.8,1 (262),-0.04945796728134155,-0.029262065887451172,Fc1ccccc1
209,-1.47,5 (265),0.21210652589797974,0.2197035551071167,CCCCl
210,-0.04,4 (195),0.3124919533729553,-0.18802517652511597,CCOC(=O)C
211,-4.36,5 (265),0.30973201990127563,-0.006934463977813721,CCCC(C)(C)C
212,-4.0,1 (262),0.07157307863235474,0.08949273824691772,Cc1cc(C)c(C)c(C)c1C
213,-1.64,1 (262),-0.2970896065235138,0.19036996364593506,CC12CCC(CC1)C(C)(C)O2 
214,-3.896,4 (195),0.31278175115585327,-0.26015201210975647,CCCCOC(=O)CCCCCCCCC(=O)OCCCC
215,-6.56,2 (217),-0.13776087760925293,0.014105618000030518,Clc1ccc(cc1)c2ccc(Cl)cc2 
216,0.38,2 (217),-0.26733532547950745,-0.11287030577659607,Cc1cccnc1C
217,-2.06,1 (262),-0.31649309396743774,0.12191939353942871,CC(=C)C1CC=C(C)C(=O)C1
218,-5.7360000000000015,2 (217),-0.45180371403694153,0.003530144691467285,CCOP(=S)(OCC)SCSc1ccc(Cl)cc1
219,-3.571,2 (217),-0.21229293942451477,-0.15323910117149353,COc1cc(cc(OC)c1O)C6C2C(COC2=O)C(OC4OC3COC(C)OC3C(O)C4O)c7cc5OCOc5cc67
220,-8.804,1 (262),-0.31205159425735474,0.044493794441223145,c1cc2cccc3c4cccc5cccc(c(c1)c23)c54
221,-2.82,3 (189),-0.12887942790985107,-0.35231709480285645,Cc1ccc(cc1N(=O)=O)N(=O)=O
222,-4.4,1 (262),-0.23427394032478333,0.09044349193572998,c1c(Br)ccc2ccccc12 
223,-2.34,3 (189),0.073619544506073,-0.11440572142601013,CNC(=O)Oc1cccc(N=CN(C)C)c1
224,-1.139,2 (217),-0.29392367601394653,-0.1973988115787506,COc2cnc1ncncc1n2
225,-3.19,2 (217),-0.4124908149242401,-0.051737457513809204,Cc3ccnc4N(C1CC1)c2ncccc2C(=O)Nc34 
226,-3.658,3 (189),-0.07329878211021423,-0.4306490421295166,CCOP(=S)(OCC)Oc1nc(Cl)n(n1)C(C)C
227,-2.03,4 (195),0.2350618839263916,-0.37512439489364624,CC(=C)C=C
228,-1.99,4 (195),0.21884632110595703,-0.32456332445144653,CC(C)=CCCC(O)(C)C=C
229,-4.57,3 (189),-0.06644201278686523,-0.38021865487098694,COP(=S)(OC)Oc1ccc(SC)c(C)c1
230,-0.44,5 (265),0.2023099660873413,0.027350187301635742,OC1CCCCC1
231,-1.16,4 (195),0.31327301263809204,-0.3873387277126312,O=C1NC(=O)NC(=O)C1(C)CC=C
232,-4.16,1 (262),-0.3704564571380615,0.2198159098625183,CC34CCC1C(CCC2CC(O)CCC12C)C3CCC4=O
233,0.06,5 (265),0.4365037679672241,-0.14077720046043396,OCC(O)C(O)C(O)C(O)CO 
234,-4.62,1 (262),-0.03443518280982971,0.056397438049316406,Cc1ccc(cc1)c2ccccc2
235,-3.85,4 (195),0.043907880783081055,-0.47591835260391235,CCNc1nc(Cl)nc(NC(C)C)n1
236,-1.77,3 (189),0.015557289123535156,-0.2771405577659607,NC(=S)Nc1ccccc1
237,-1.3,4 (195),0.2515210509300232,-0.32405731081962585,CCCC(=O)CCC
238,-0.72,4 (195),0.17558443546295166,-0.3609832525253296,CC(=O)C(C)(C)C
239,-0.7,1 (262),-0.12670373916625977,0.03909236192703247,Oc1ccc(Cl)cc1
240,-0.6,4 (195),0.22959083318710327,-0.4732367694377899,O=C1CCCCC1
241,-0.85,1 (262),0.03230440616607666,0.0022386908531188965,Cc1cccc(N)c1
242,-2.168,5 (265),0.3423677086830139,-0.09577518701553345,ClC(Cl)(Cl)C#N
243,-4.046,3 (189),0.03473961353302002,-0.1626061201095581,CNc2cnn(c1cccc(c1)C(F)(F)F)c(=O)c2Cl
244,-3.3,4 (195),0.2571532130241394,-0.289573073387146,CCCCCCCCC(=O)C
245,-3.785,4 (195),0.030910372734069824,-0.4983251392841339,CCN(CC)c1nc(Cl)nc(NC(C)C)n1
246,-2.616,4 (195),0.17556965351104736,-0.27054563164711,CCOC(=O)c1ccc(N)cc1
247,-3.59,2 (217),-0.2725255489349365,-0.3503079414367676,Clc1ccc(Cl)c(Cl)c1
248,-4.09,2 (217),-0.1513197124004364,-0.07844555377960205,Cc3nnc4CN=C(c1ccccc1Cl)c2cc(Cl)ccc2n34
249,0.62,2 (217),-0.25470128655433655,-0.07882130146026611,Oc1ccccc1O
250,-2.62,2 (217),-0.41048017144203186,-0.030925095081329346,CCN2c1ncccc1N(C)C(=O)c3cccnc23 
251,-0.45,1 (262),-0.031979382038116455,0.07992035150527954,CSC
252,-2.23,2 (217),-0.2650635838508606,-0.09990447759628296,Cc1ccccc1Br
253,0.85,4 (195),0.303292453289032,-0.18887478113174438,CCOC(=O)N
254,-5.35,1 (262),-0.3290262222290039,0.13294023275375366,CC(=O)OC3(CCC4C2C=C(C)C1=CC(=O)CCC1(C)C2CCC34C)C(C)=O 
255,-1.22,5 (265),0.49184995889663696,-0.050841689109802246,CC(C)C(O)C(C)C
256,-3.6,1 (262),-0.21235263347625732,0.11417824029922485,c1ccc2ccccc2c1
257,-1.7,3 (189),0.008797109127044678,-0.3111943006515503,CCNc1ccccc1
258,-4.097,4 (195),0.33259260654449463,-0.3425303101539612,O=C1NC(=O)C(N1)(c2ccccc2)c3ccccc3
259,-7.02,1 (262),-0.28989148139953613,0.015441536903381348,Cc1c2ccccc2c(C)c3ccc4ccccc4c13
260,-6.34,2 (217),-0.4395183324813843,0.012291550636291504,CCOP(=S)(OCC)SC(CCl)N1C(=O)c2ccccc2C1=O
261,-6.89,2 (217),-0.1412440836429596,0.007302463054656982,COc1ccc(cc1)C(c2ccc(OC)cc2)C(Cl)(Cl)Cl
262,-7.28,3 (189),-0.017306476831436157,-0.21830964088439941,Fc1cccc(F)c1C(=O)NC(=O)Nc2cc(Cl)c(F)c(Cl)c2F 
263,-4.678,4 (195),0.3436705470085144,-0.3064817190170288,O=C1N(COC(=O)CCCC)C(=O)C(N1)(c2ccccc2)c3ccccc3
264,-2.89,3 (189),0.007736384868621826,-0.20114049315452576,CN(C)C(=O)Nc1ccc(Cl)cc1
265,-3.37,1 (262),-0.14958372712135315,0.0637633204460144,OC(Cn1cncn1)(c2ccc(F)cc2)c3ccccc3F
266,-4.13,1 (262),-0.2711387872695923,0.2815495729446411,CC(=O)OCC(=O)C3(O)C(CC4C2CCC1=CC(=O)C=CC1(C)C2(F)C(O)CC34C)OC(C)=O 
267,-2.37,5 (265),0.2846059799194336,0.15491396188735962,CCCCBr
268,-6.98,1 (262),-0.031240135431289673,-0.05183246731758118,Brc1cc(Br)c(Br)cc1Br
269,-0.74,4 (195),0.2134716510772705,-0.3447382152080536,CC(C)CC(=O)C
270,-3.4,5 (265),0.22441786527633667,0.04378467798233032,CCSC(=O)N(CC)C1CCCCC1 
271,-2.78,3 (189),-0.027493029832839966,-0.10326668620109558,COc1ccc(Cl)cc1
272,-8.402000000000001,3 (189),-0.07692363858222961,-0.147989422082901,CC1(C)C(C=C(Br)Br)C1C(=O)OC(C#N)c2cccc(Oc3ccccc3)c2
273,-2.016,4 (195),0.32757270336151123,-0.3980351984500885,CCC(C)C1(CC=C)C(=O)NC(=O)NC1=O
274,-4.04,3 (189),-0.06188035011291504,-0.3780805468559265,COP(=S)(OC)Oc1ccc(N(=O)=O)c(C)c1
275,-4.55,1 (262),-0.3048759698867798,-0.030436813831329346,Ic1cccc2ccccc12
276,1.09,5 (265),0.4378810524940491,-0.13670173287391663,OCC(O)C(O)C(O)C(O)CO
277,-0.6,5 (265),0.27695220708847046,0.04445546865463257,CCS
278,-1.48,5 (265),0.4394006133079529,-0.03832116723060608,ClCC(Cl)Cl
279,-2.09,4 (195),0.06444329023361206,-0.3915225863456726,CN(C)C(=O)Oc1cc(C)nn1c2ccccc2
280,-1.82,3 (189),0.0539247989654541,-0.2902599275112152,NC(=O)c1ccccc1O
281,-2.33,3 (189),-0.14357903599739075,-0.3791406750679016,Cc1ccccc1N(=O)=O
282,-2.766,4 (195),0.363372266292572,-0.43069005012512207,O=C1NC(=O)NC(=O)C1(C(C)C)C(C)C
283,-3.21,1 (262),-0.04009094834327698,0.18562644720077515,CCc1ccccc1C
284,-4.0,5 (265),0.23265469074249268,0.19550108909606934,CCCCCCCCl
285,-2.4,4 (195),0.28079575300216675,-0.42469465732574463,O=C1NC(=O)NC(=O)C1(CC)CC
286,-4.62,1 (262),-0.0031016767024993896,0.1901753544807434,C(Cc1ccccc1)c2ccccc2
287,-1.74,5 (265),0.45635735988616943,-0.002175658941268921,ClC(Cl)C(Cl)Cl
288,-5.153,2 (217),-0.41998136043548584,-0.07293114066123962,CCN2c1cc(OC)cc(C)c1NC(=O)c3cccnc23 
289,-5.84,1 (262),-0.2780647277832031,0.03603440523147583,Cc1ccc2c(ccc3ccccc32)c1
290,-4.4,4 (195),0.21427851915359497,-0.21979188919067383,CCCCOC(=O)c1ccccc1C(=O)OCCCC 
291,-4.02,2 (217),-0.2137323021888733,-0.27855730056762695,COc1c(O)c(Cl)c(Cl)c(Cl)c1Cl 
292,0.523,3 (189),-0.04951408505439758,-0.42003241181373596,CCN(CC)C(=O)C(=CCOP(=O)(OC)OC)Cl
293,-5.282,1 (262),-0.37839338183403015,0.11117905378341675,CC34CCC1C(=CCc2cc(O)ccc12)C3CCC4=O
294,-4.5760000000000005,4 (195),0.20437586307525635,-0.23317912220954895,CCOC(=O)c1ccccc1S(=O)(=O)NN(C=O)c2nc(Cl)cc(OC)n2
295,-2.41,3 (189),-0.06841501593589783,-0.28494447469711304,COc1ccc(cc1)N(=O)=O
296,-3.12,5 (265),0.24353086948394775,0.18502837419509888,CCCCCCCl
297,-9.16,2 (217),-0.23841595649719238,-0.26805323362350464,Clc1cc(c(Cl)c(Cl)c1Cl)c2cc(Cl)c(Cl)c(Cl)c2Cl
298,-0.41,4 (195),0.11311358213424683,-0.24859479069709778,OCC1OC(CO)(OC2OC(COC3OC(CO)C(O)C(O)C3O)C(O)C(O)C2O)C(O)C1O
299,-8.334,5 (265),0.29446732997894287,0.12164884805679321,CCCCCCCCCCCCCCCCCCCCCCCCCC
300,-3.324,2 (217),-0.40704402327537537,-0.011217564344406128,CCN2c1ccccc1N(C)C(=O)c3cccnc23 
301,-1.29,5 (265),0.4595183730125427,-0.022052913904190063,CC(Cl)Cl
302,-1.34,1 (262),-0.053385645151138306,0.08785778284072876,Nc1ccc(cc1)S(N)(=O)=O
303,-6.49,3 (189),-0.17902305722236633,-0.4452475905418396,CCCN(CCC)c1c(cc(cc1N(=O)=O)C(C)C)N(=O)=O
304,-4.64,2 (217),-0.16277238726615906,-0.21197587251663208,ClC1C(Cl)C(Cl)C(Cl)C(Cl)C1Cl
305,-4.194,2 (217),-0.4253915846347809,0.014412343502044678,CCOP(=S)(NC(C)C)Oc1ccccc1C(=O)OC(C)C
306,-4.0,2 (217),-0.19168010354042053,-0.10688045620918274,Clc1cccc(Cl)c1Cl
307,-2.31,5 (265),0.34253108501434326,-0.08788612484931946,ClC(Cl)(Cl)Cl
308,-3.2,3 (189),-0.05534708499908447,-0.3328210115432739,O=N(=O)c1cc(Cl)c(Cl)cc1
309,-1.29,5 (265),0.19907045364379883,0.026641845703125,OC1CCCCCCC1
310,-3.999,1 (262),-0.35159537196159363,0.15301716327667236,CC1(O)CCC2C3CCC4=CC(=O)CCC4(C)C3CCC21C
311,-2.17,3 (189),-0.04526543617248535,-0.19883236289024353,CCOc1ccc(NC(N)=O)cc1
312,-4.47,5 (265),0.18047678470611572,0.04576098918914795,C/C1CCC(\C)CC1
313,-2.68,1 (262),-0.2028777003288269,0.17160385847091675,c1cnc2c(c1)ccc3ncccc23
314,-0.24,5 (265),0.3350236415863037,-0.07948035001754761,COC(C)(C)C
315,-3.13,3 (189),-0.0292416512966156,-0.0977759063243866,COc1ccc(C=CC)cc1
316,-7.0,5 (265),0.3399691581726074,0.14235413074493408,CCCCCCCCCCCCCCCCO
317,-1.4880000000000002,2 (217),-0.36086007952690125,-0.17430123686790466,O=c1cc[nH]c(=O)[nH]1 
318,-2.12,2 (217),-0.3936786651611328,-0.23951762914657593,Nc1ncnc2nc[nH]c12 
319,-7.21,2 (217),-0.17544031143188477,-0.07084488868713379,Clc1cc(Cl)c(cc1Cl)c2cccc(Cl)c2Cl 
320,-2.596,3 (189),-0.03276163339614868,-0.09661468863487244,COc1ccc(cc1)C(O)(C2CC2)c3cncnc3 
321,-8.23,1 (262),-0.32641205191612244,0.027619242668151855,c1ccc2c(c1)c3cccc4c3c2cc5ccccc54
322,-3.15,3 (189),0.01493537425994873,-0.26739299297332764,O=C(Nc1ccccc1)Nc2ccccc2
323,-2.322,4 (195),0.32907330989837646,-0.3576648235321045,CCC1(C(=O)NC(=O)NC1=O)c2ccccc2 
324,-6.29,2 (217),-0.15876924991607666,-0.04589200019836426,Clc1ccc(cc1)c2cccc(Cl)c2Cl 
325,-3.536,3 (189),0.007667481899261475,-0.20479336380958557,CC(C)c1ccc(NC(=O)N(C)C)cc1
326,-1.716,3 (189),0.08573949337005615,-0.06580373644828796,CCN(CC)C(=O)CSc1ccc(Cl)nn1
327,-1.04,5 (265),0.33510953187942505,-0.053221702575683594,CCC(C)(C)CO
328,-1.75,4 (195),0.2836867570877075,-0.21041721105575562,CCCOC(=O)CCC
329,-3.22,3 (189),-0.12811928987503052,-0.3491456210613251,Cc1c(cc(cc1N(=O)=O)N(=O)=O)N(=O)=O
330,-4.2,2 (217),-0.486785352230072,-0.0385250449180603,CC(C)OP(=S)(OC(C)C)SCCNS(=O)(=O)c1ccccc1
331,-3.51,5 (265),0.1893729567527771,-1.4066696166992188e-05,C1CCCCCC1
332,-0.49,5 (265),0.2605360150337219,-0.06859380006790161,CCCOC=O
333,-3.76,2 (217),-0.26501911878585815,-0.09488952159881592,CC(C)c1ccccc1C
334,-1.37,1 (262),-0.012488603591918945,-0.03550064563751221,Nc1cccc(Cl)c1
335,-4.26,5 (265),0.4096065163612366,-0.02684280276298523,CC(C)CC(C)C
336,-4.6,2 (217),-0.3288284242153168,-0.12426498532295227,o1c2ccccc2c3ccccc13
337,-3.42,3 (189),-0.05662304162979126,-0.2000127136707306,CCOC2Oc1ccc(OS(C)(=O)=O)cc1C2(C)C
338,-3.43,3 (189),0.03590834140777588,-0.1695525348186493,CN(C)C(=O)Nc1cccc(c1)C(F)(F)F
339,-3.67,1 (262),-0.22669851779937744,0.12699949741363525,c3ccc2nc1ccccc1cc2c3
340,-3.11,1 (262),-0.32861584424972534,0.25989824533462524,CC12CC(=O)C3C(CCC4=CC(=O)CCC34C)C2CCC1(O)C(=O)CO
341,0.74,4 (195),0.12645643949508667,-0.23411425948143005,OCC1OC(O)C(O)C(O)C1O
342,-0.68,1 (262),0.022288978099822998,-0.006727844476699829,Cc1cccc(O)c1
343,-3.5860000000000003,3 (189),-0.021804243326187134,-0.359907329082489,CC2Cc1ccccc1N2NC(=O)c3ccc(Cl)c(c3)S(N)(=O)=O 
344,-6.005,1 (262),-0.2673893868923187,0.28301435708999634,CCC(C)C(=O)OC2CC(C)C=C3C=CC(C)C(CCC1CC(O)CC(=O)O1)C23 
345,-3.39,3 (189),-0.06214126944541931,-0.2964187264442444,O=N(=O)c1ccc(cc1)N(=O)=O
346,-2.696,4 (195),0.3497610092163086,-0.357549250125885,CCC1(C(=O)NC(=O)NC1=O)C2=CCC3CCC2C3
347,-4.1,4 (195),0.31954407691955566,-0.25539904832839966,CCCCCCCCCC(=O)OCC
348,-1.6,3 (189),0.022229492664337158,-0.1845017969608307,CN(C)C(=O)Nc1ccccc1
349,-0.66,5 (265),0.25550001859664917,-0.045543134212493896,CCCOCC
350,0.43,5 (265),0.495991587638855,-0.04749825596809387,CC(C)O
351,-3.77,1 (262),-0.26136696338653564,0.05542200803756714,Cc1ccc2ccccc2c1
352,-1.9,5 (265),0.4887434244155884,0.005681216716766357,ClC(Br)Br
353,-4.43,4 (195),0.17043548822402954,-0.25772368907928467,CCC(C(CC)c1ccc(O)cc1)c2ccc(O)cc2
354,-3.37,2 (217),-0.48050200939178467,-0.027804315090179443,CCOC(=O)CC(SP(=S)(OC)OC)C(=O)OCC
355,-2.39,1 (262),0.00827944278717041,0.1956835389137268,ClCc1ccccc1
356,0.32,5 (265),0.18896549940109253,0.10772353410720825,C/C=C/C=O
357,-3.924,3 (189),0.02794623374938965,-0.21226787567138672,CON(C)C(=O)Nc1ccc(Br)c(Cl)c1
358,-6.57,2 (217),-0.32971492409706116,-0.10237336158752441,Cc1c2ccccc2c(C)c3ccccc13
359,-1.87,4 (195),0.27741146087646484,-0.27781689167022705,CCCCCC(=O)OC
360,-4.328,3 (189),0.05492401123046875,-0.2072770595550537,CN(C)C(=O)Nc1ccc(c(Cl)c1)n2nc(oc2=O)C(C)(C)C
361,-1.78,3 (189),-0.026585042476654053,-0.2361142337322235,CC(=O)Nc1ccc(F)cc1
362,-3.26,2 (217),-0.49744847416877747,-0.0608639121055603,CCc1cccc(CC)c1N(COC)C(=O)CCl 
363,-2.59,5 (265),0.17001008987426758,-0.01008632779121399,C1CCC=CC1
364,-3.09,1 (262),-0.31519877910614014,0.24880588054656982,CC12CC(O)C3C(CCC4=CC(=O)CCC34C)C2CCC1(O)C(=O)CO
365,1.1,1 (262),-0.08750578761100769,0.15801793336868286,c1cncnc1
366,-2.92,3 (189),-0.054301917552948,-0.32855358719825745,Clc1ccc(cc1)N(=O)=O
367,-0.14,4 (195),0.28540509939193726,-0.2892186641693115,CCC(=O)OC
368,-2.55,3 (189),-0.15938442945480347,-0.4032914638519287,Clc1ccccc1N(=O)=O
369,-4.77,3 (189),0.04171723127365112,-0.2098877727985382,CCCCN(C)C(=O)Nc1ccc(Cl)c(Cl)c1
370,-1.877,2 (217),-0.4194403290748596,-0.01442176103591919,CN1CC(O)N(C1=O)c2nnc(s2)C(C)(C)C
371,-1.8,3 (189),-0.08242088556289673,-0.3085949420928955,O=N(=O)c1ccccc1
372,-3.01,1 (262),-0.1360994279384613,0.037539660930633545,Ic1ccccc1
373,-3.78,3 (189),-0.02534615993499756,-0.35860252380371094,CC2Nc1cc(Cl)c(cc1C(=O)N2c3ccccc3C)S(N)(=O)=O 
374,-0.985,2 (217),-0.23614922165870667,-0.14338871836662292,COc1ccccc1OCC(O)COC(N)=O
375,-4.19,2 (217),-0.5,-0.06404003500938416,CCCCOCN(C(=O)CCl)c1c(CC)cccc1CC 
376,-1.3,2 (217),-0.18871057033538818,-0.10819283127784729,Oc1cccc(Cl)c1Cl
377,-1.92,4 (195),0.28314876556396484,-0.2864924371242523,CCCC(=O)OC
378,-3.0,3 (189),0.03874307870864868,-0.2160363495349884,CCC(=O)Nc1ccc(Cl)c(Cl)c1
379,-2.404,3 (189),0.012170374393463135,-0.287645161151886,Nc3nc(N)c2nc(c1ccccc1)c(N)nc2n3
380,-2.35,4 (195),0.3125884532928467,-0.24324950575828552,CCCCCC(=O)OCC
381,-1.84,5 (265),0.44046902656555176,-0.1398756504058838,OCC(O)C2OC1OC(OC1C2O)C(Cl)(Cl)Cl 
382,-5.47,1 (262),0.07113784551620483,0.06903713941574097,CN(C=Nc1ccc(C)cc1C)C=Nc2ccc(C)cc2C
383,-2.478,4 (195),0.053288161754608154,-0.4817645251750946,COc1nc(NC(C)C)nc(NC(C)C)n1
384,-4.44,5 (265),0.24811899662017822,0.10244566202163696,CCCCCCC=C
385,-1.21,1 (262),-0.042805254459381104,0.10923296213150024,Cc1ccc(N)cc1
386,-0.36,2 (217),-0.4014437794685364,-0.24846971035003662,Nc1nccs1 
387,-1.803,3 (189),0.07851767539978027,-0.1162349283695221,c1ccccc1(OC(=O)NC)
388,-0.8,5 (265),0.382720410823822,-0.0027964413166046143,CCCC(O)CC
389,-4.73,2 (217),-0.3384726047515869,-0.0971025824546814,c3ccc2c(O)c1ccccc1cc2c3 
390,-6.96,1 (262),-0.24918878078460693,0.07530784606933594,Cc1ccc2cc3ccccc3cc2c1
391,-3.2,2 (217),-0.28483009338378906,-0.08832544088363647,Cc1cccc(C)c1C
392,-2.36,3 (189),0.07049846649169922,-0.11274644732475281,CNC(=O)Oc1ccc(N(C)C)c(C)c1
393,-2.74,5 (265),0.33633261919021606,0.044531166553497314,CCCCCCCC(C)O
394,-3.35,3 (189),0.022467374801635742,-0.18123474717140198,CN(C(=O)NC(C)(C)c1ccccc1)c2ccccc2
395,-0.83,4 (195),0.25692224502563477,-0.3248900771141052,CCCC(=O)CC
396,-3.33,1 (262),-0.0006809234619140625,0.047062814235687256,Oc1c(Br)cc(C#N)cc1Br 
397,-6.39,1 (262),-0.02157774567604065,0.009249687194824219,Clc1ccc(cc1Cl)c2ccccc2 
398,-4.873,1 (262),-0.23578700423240662,0.14779162406921387,CN(C(=O)COc1nc2ccccc2s1)c3ccccc3
399,-2.54,1 (262),-0.20060554146766663,0.17568403482437134,Oc1cccc2ncccc12 
400,-3.14,3 (189),0.045622825622558594,-0.27927565574645996,CC1=C(SCCO1)C(=O)Nc2ccccc2
401,-3.81,3 (189),-0.052665889263153076,-0.20091718435287476,CCOc2ccc1nc(sc1c2)S(N)(=O)=O 
402,-4.28,2 (217),-0.2153889238834381,-0.2749796509742737,Oc1c(Cl)c(Cl)c(Cl)c(Cl)c1Cl
403,-0.89,5 (265),0.18233722448349,0.2532855272293091,ClCBr
404,-2.23,4 (195),0.2805206775665283,-0.42816847562789917,CCC1(CC)C(=O)NC(=O)N(C)C1=O 
405,-4.63,1 (262),-0.3329322040081024,0.2235754132270813,CC(=O)OCC(=O)C3CCC4C2CCC1=CC(=O)CCC1(C)C2CCC34C 
406,-0.95,4 (195),0.0695844292640686,-0.30204713344573975,NC(=O)NCc1ccccc1 
407,-3.483,3 (189),0.04875445365905762,-0.20960703492164612,CN(C)C(=O)Nc1ccc(C)c(Cl)c1
408,-3.592,3 (189),0.02872145175933838,-0.20904842019081116,CON(C)C(=O)Nc1ccc(Cl)c(Cl)c1
409,-0.88,5 (265),0.20373612642288208,0.0241968035697937,OC1CCCCCC1
410,-2.154,3 (189),-0.11396902799606323,-0.3080480396747589,CS(=O)(=O)c1ccc(cc1)C(O)C(CO)NC(=O)C(Cl)Cl 
411,-3.36,4 (195),0.3455798625946045,-0.41370293498039246,CCCC(C)C1(CC)C(=O)NC(=S)NC1=O 
412,-2.36,3 (189),-0.05564966797828674,-0.20384082198143005,CC(=O)Nc1nnc(s1)S(N)(=O)=O 
413,-0.74,3 (189),-0.05853340029716492,-0.2981298267841339,Oc1ccc(cc1)N(=O)=O
414,-6.307,2 (217),-0.17198088765144348,-0.2182217538356781,ClC1=C(Cl)C2(Cl)C3C4CC(C=C4)C3C1(Cl)C2(Cl)Cl
415,0.49,5 (265),0.18936502933502197,-0.020664602518081665,C1CCOC1
416,-1.96,3 (189),-0.15597575902938843,-0.39423611760139465,Nc1ccccc1N(=O)=O
417,-7.28,2 (217),-0.17149746417999268,-0.0762738585472107,Clc1cccc(c1Cl)c2cccc(Cl)c2Cl
418,-3.81,4 (195),0.12148863077163696,-0.31454819440841675,CCCCC1C(=O)N(N(C1=O)c2ccccc2)c3ccccc3 
419,-3.0,3 (189),-0.13603270053863525,-0.36437684297561646,Cc1c(cccc1N(=O)=O)N(=O)=O
420,-4.42,1 (262),-0.34100860357284546,0.2077813744544983,CC(=O)C1CCC2C3CCC4=CC(=O)CCC4(C)C3CCC12C
421,-4.4110000000000005,4 (195),0.03456610441207886,-0.5,CCN(CC)c1nc(Cl)nc(n1)N(CC)CC
422,-5.4,5 (265),0.45404738187789917,0.008769035339355469,ClC(Cl)C(Cl)(Cl)SN2C(=O)C1CC=CCC1C2=O 
423,-4.5,1 (262),-0.09764081239700317,0.09251445531845093,c1(Br)c(Br)cc(Br)cc1
424,-3.952,2 (217),-0.1500985324382782,-0.09200280904769897,OC3N=C(c1ccccc1)c2cc(Cl)ccc2NC3=O 
425,-2.356,4 (195),0.33359432220458984,-0.40386533737182617,O=C1NC(=O)NC(=O)C1(C(C)CCC)CC=C
426,-2.08,1 (262),-0.04054611921310425,0.09853756427764893,c1(O)c(C)ccc(C(C)C)c1
427,-1.77,2 (217),-0.3668057918548584,-0.18074271082878113,C1SC(=S)NC1(=O)
428,-3.083,1 (262),-0.11508432030677795,0.1543675661087036,Oc1ccc(c(O)c1)c3oc2cc(O)cc(O)c2c(=O)c3O 
429,-5.259,2 (217),-0.16343152523040771,-0.22580108046531677,ClC1(C(=O)C2(Cl)C3(Cl)C14Cl)C5(Cl)C2(Cl)C3(Cl)C(Cl)(Cl)C45Cl
430,-4.86,5 (265),0.3942970037460327,0.15540003776550293,CCN(CC)C(=S)SSC(=S)N(CC)CC
431,-3.1,5 (265),0.1869868040084839,-0.001348257064819336,C1CCCCC1
432,-7.278,2 (217),-0.18085256218910217,-0.20872879028320312,ClC1=C(Cl)C(Cl)(C(=C1Cl)Cl)C2(Cl)C(=C(Cl)C(=C2Cl)Cl)Cl
433,-2.86,1 (262),0.07464921474456787,0.06977927684783936,CN(C)C=Nc1ccc(Cl)cc1C
434,-5.24,1 (262),-0.3821296691894531,0.1114233136177063,CC34CCc1c(ccc2cc(O)ccc12)C3CCC4=O
435,-2.39,5 (265),0.3435169458389282,0.1413511037826538,CCCCCCCCO
436,-1.34,5 (265),0.29791516065597534,0.06655651330947876,CCSCC
437,-1.06,5 (265),0.1967071294784546,0.23966360092163086,ClCCCl
438,-2.51,5 (265),0.3307543396949768,-0.06385636329650879,CCC(C)(C)Cl
439,-1.32,5 (265),0.18892520666122437,0.2476678490638733,ClCCBr
440,-2.37,3 (189),-0.061138927936553955,-0.29317760467529297,Nc1ccc(cc1)N(=O)=O
441,-0.244,4 (195),0.12704980373382568,-0.2430875599384308,OCC1OC(OC2C(O)C(O)C(O)OC2CO)C(O)C(O)C1O
442,-2.86,2 (217),-0.4073771834373474,-0.03290095925331116,CCN2c1ncccc1N(CC)C(=O)c3cccnc23 
443,-2.38,1 (262),-0.12818098068237305,0.04590874910354614,Clc1ccccc1
444,-5.05,5 (265),0.24433636665344238,0.09794849157333374,CCCCCCCC=C
445,-4.56,1 (262),-0.09625488519668579,0.09704560041427612,Brc1ccc(I)cc1
446,-0.36,5 (265),0.32958507537841797,-0.028187811374664307,CCC(C)(O)CC
447,-4.64,1 (262),-0.009447634220123291,0.20795023441314697,CCCCCc1ccccc1
448,-1.6,4 (195),0.06759178638458252,-0.3047614097595215,NC(=O)NC1NC(=O)NC1=O 
449,-4.5710000000000015,4 (195),0.21113336086273193,-0.21154960989952087,OCC(O)COC(=O)c1ccccc1Nc2ccnc3cc(Cl)ccc23
450,-7.2,1 (262),-0.1160135269165039,0.04230254888534546,ClC(Cl)C(c1ccc(Cl)cc1)c2ccc(Cl)cc2
451,-5.184,1 (262),-0.3449532687664032,0.2077406644821167,CC(=O)OC3CCC4C2CCC1=CC(=O)CCC1(C)C2CCC34C 
452,-3.93,1 (262),-0.3031129837036133,-0.037704676389694214,Clc1cccc2ccccc12
453,-4.749,2 (217),-0.4090031385421753,0.006652176380157471,CCN2c1ccccc1N(C)C(=O)c3ccccc23 
454,-0.89,5 (265),0.3465312123298645,0.04305082559585571,CCCCC(C)O
455,-4.74,5 (265),0.24476975202560425,0.03841078281402588,CCCC1CCCC1
456,-4.735,4 (195),0.18830502033233643,-0.2435181736946106,CCOC(=O)c1cncn1C(C)c2ccccc2
457,-1.25,2 (217),-0.2704658508300781,-0.35317111015319824,Oc1ccc(Cl)c(Cl)c1
458,-8.017000000000001,3 (189),-0.07664266228675842,-0.15219935774803162,CC1(C)C(C=C(Cl)Cl)C1C(=O)OC(C#N)c2cccc(Oc3ccccc3)c2
459,-1.16,1 (262),-0.1980084478855133,0.16438299417495728,c2ccc1ocnc1c2
460,-0.6,5 (265),0.35850614309310913,0.13358062505722046,CCCCCO
461,-3.03,1 (262),-0.018665999174118042,0.16707652807235718,CCN(CC)c1ccccc1
462,-2.0,1 (262),-0.044095128774642944,-0.03436347842216492,Fc1cccc(F)c1
463,-0.29,5 (265),0.2569783926010132,0.2854032516479492,ClCCC#N 
464,-4.15,1 (262),-0.023230165243148804,0.1721450686454773,CC(C)(C)Cc1ccccc1
465,-2.322,4 (195),0.3375502824783325,-0.3583202362060547,O=C1NC(=O)NC(=O)C1(CC)c1ccccc1
466,-3.54,2 (217),-0.2190874218940735,-0.10993695259094238,Clc1ccccc1I
467,-0.78,2 (217),-0.3172032833099365,-0.11677134037017822,c2ccc1[nH]nnc1c2
468,-2.8,3 (189),0.07421237230300903,-0.0669218897819519,CNC(=O)Oc1cccc2CC(C)(C)Oc12
469,-1.29,2 (217),-0.26146355271339417,-0.07787108421325684,Cc1cccc(C)c1O
470,-0.18,5 (265),0.4923020005226135,-0.046978265047073364,CC(C)C(C)O
471,-2.55,4 (195),0.07279050350189209,-0.36085209250450134,c1ccccc1C(O)c2ccccc2
472,-4.69,4 (195),0.27618342638015747,-0.2737121880054474,CCCCCCCCCC(=O)OC
473,-4.31,3 (189),-0.05749496817588806,-0.37542375922203064,COP(=S)(OC)Oc1ccc(cc1Cl)N(=O)=O
474,-2.43,5 (265),0.4164133667945862,-0.051089465618133545,CC(C)CBr
475,-1.6,5 (265),0.2915441393852234,0.21736788749694824,CCI
476,-1.95,4 (195),0.05907100439071655,-0.405930757522583,CN(C)C(=O)Oc1nc(nc(C)c1C)N(C)C
477,-3.81,5 (265),0.27297139167785645,0.1327054500579834,CCCCCCBr
478,-3.74,5 (265),0.31378114223480225,0.0403062105178833,CCCC(C)C
479,-7.3210000000000015,3 (189),-0.06562626361846924,-0.1566922664642334,Cc1c(F)c(F)c(COC(=O)C2C(C=C(Cl)C(F)(F)F)C2(C)C)c(F)c1F
480,-2.73,2 (217),-0.4937855005264282,-0.05483967065811157,CCc1cccc(C)c1N(C(C)COC)C(=O)CCl 
481,-2.19,3 (189),-0.12092548608779907,-0.33423107862472534,ON=Cc1ccc(o1)N(=O)=O 
482,-8.003,3 (189),-0.09627875685691833,-0.1571716070175171,CC(C)C(Nc1ccc(cc1Cl)C(F)(F)F)C(=O)OC(C#N)c2cccc(Oc3ccccc3)c2
483,0.522,2 (217),-0.39893490076065063,-0.2451709508895874,Nc1nc[nH]n1
484,-1.91,5 (265),0.4868122935295105,-0.005412459373474121,BrC(Br)Br
485,-0.22,3 (189),-0.04606747627258301,-0.41839417815208435,COP(=O)(OC)C(O)C(Cl)(Cl)Cl
486,-5.233,2 (217),-0.4527297616004944,0.006746113300323486,CCOP(=S)(OCC)SCn1c(=O)oc2cc(Cl)ccc12
487,-0.4,1 (262),8.863210678100586e-05,0.1901281476020813,OCc1ccccc1
488,-2.84,2 (217),-0.32873377203941345,-0.1388539969921112,O=c2c(C3CCCc4ccccc43)c(O)c1ccccc1o2 
489,-1.09,1 (262),-0.09894013404846191,0.11620408296585083,Oc1ccc(Br)cc1
490,-1.59,5 (265),0.48258864879608154,-0.013624101877212524,CC(C)Br
491,-4.74,5 (265),0.31230950355529785,-0.04059693217277527,CC(C)CC(C)(C)C
492,-2.89,3 (189),-0.11596032977104187,-0.3344787061214447,O=N(=O)c1cc(cc(c1)N(=O)=O)N(=O)=O
493,-3.796,2 (217),-0.1418430209159851,-0.0751802921295166,CN2C(=O)CN=C(c1ccccc1)c3cc(ccc23)N(=O)=O
494,-1.94,5 (265),0.2898365259170532,0.05512213706970215,CCC
495,-1.989,1 (262),-0.24528926610946655,0.09515380859375,Nc1cc(nc(N)n1=O)N2CCCCC2 
496,-4.22,1 (262),-0.22516211867332458,0.1297047734260559,Nc2cccc3nc1ccccc1cc23 
497,-8.49,1 (262),-0.3527018427848816,0.031748414039611816,c1ccc2cc3c4cccc5cccc(c3cc2c1)c45
498,-5.666,1 (262),-0.13565686345100403,0.051774442195892334,OC(c1ccc(Cl)cc1)(c2ccc(Cl)cc2)C(Cl)(Cl)Cl
499,-4.63,1 (262),-0.3079535961151123,0.055163443088531494,C1Cc2cccc3cccc1c23
500,-6.34,2 (217),-0.4384225904941559,0.008661031723022461,CCOP(=S)(OCC)SC(CCl)N2C(=O)c1ccccc1C2=O
501,-4.07,1 (262),-0.09426423907279968,0.09423691034317017,Brc1ccc(Br)cc1
502,-2.82,3 (189),-0.05656442046165466,-0.33602023124694824,Cn2c(=O)on(c1ccc(Cl)c(Cl)c1)c2=O
503,-3.48,1 (262),-0.03005349636077881,0.029244542121887207,Oc1ccc(cc1)c2ccccc2
504,-2.56,3 (189),0.049130797386169434,-0.27774739265441895,CC1=C(CCCO1)C(=O)Nc2ccccc2 
505,-0.85,5 (265),0.2554534077644348,-0.07591059803962708,CCOC=C
506,-1.24,5 (265),0.25360530614852905,0.2570987939834595,CCC#C
507,-1.11,2 (217),-0.2750789523124695,-0.13912561535835266,COc1ncnc2nccnc12 
508,-1.6,5 (265),0.33892691135406494,-0.02391582727432251,CCCCC(C)(O)CC
509,-3.27,1 (262),-0.12603959441184998,0.04303640127182007,Clc1ccc(Cl)cc1
510,-4.47,4 (195),0.3376268744468689,-0.32641106843948364,O=C1N(COC(=O)C)C(=O)C(N1)(c2ccccc2)c3ccccc3
511,-1.981,2 (217),-0.35158199071884155,-0.13745099306106567,CSCS(=O)CC(CO)NC(=O)C=Cc1c(C)[nH]c(=O)[nH]c1=O
512,-2.42,2 (217),-0.3388269543647766,-0.11598029732704163,Cc1c[nH]c2ccccc12 
513,-1.11,2 (217),-0.2788289189338684,-0.1510043740272522,COc2ncc1nccnc1n2
514,-1.57,3 (189),0.07970166206359863,-0.07438012957572937,CNC(=O)Oc1ccccc1C2OCCO2
515,-2.15,2 (217),-0.35406333208084106,-0.24528831243515015,C1N(C(=O)NCC(C)C)C(=O)NC1
516,0.26,5 (265),0.24688351154327393,0.2827586531639099,CC#N
517,-4.7,3 (189),0.07594609260559082,-0.1326037049293518,CCOC(=O)NCCOc2ccc(Oc1ccccc1)cc2
518,-3.59,1 (262),-0.04338034987449646,0.11286711692810059,CC(=O)N(S(=O)c1ccc(N)cc1)c2onc(C)c2C 
519,-2.18,5 (265),0.18875426054000854,0.23958414793014526,ClCC(Cl)(Cl)Cl
520,0.0,5 (265),0.3687862157821655,0.13828140497207642,CCCCO
521,-4.11,3 (189),0.015538632869720459,-0.26406553387641907,CC1CCCCC1NC(=O)Nc2ccccc2
522,-4.48,2 (217),-0.18876239657402039,-0.19934222102165222,Clc1cc(Cl)cc(Cl)c1
523,-0.1,1 (262),-0.10967478156089783,0.16708022356033325,O=Cc1ccco1
524,-0.51,5 (265),0.43004703521728516,-0.10814353823661804,CC(C)CCO
525,-1.63,2 (217),-0.43212002515792847,-0.08267664909362793,O=Cc2ccc1OCOc1c2 
526,-2.33,4 (195),0.23245644569396973,-0.3736659288406372,CC(=C)C
527,-1.19,1 (262),-0.11074492335319519,0.16252350807189941,O=Cc1ccccc1
528,-2.4,4 (195),0.2305241823196411,-0.3761272430419922,CC(=C)C(=C)C
529,-4.71,3 (189),0.07305091619491577,-0.06272867321968079,CCOC(=O)CCN(SN(C)C(=O)Oc1cccc2CC(C)(C)Oc21)C(C)C
530,-3.672,2 (217),-0.411765992641449,-0.01058197021484375,O2c1ccccc1N(C)C(=O)c3cccnc23 
531,-5.0,1 (262),-0.37607669830322266,0.0398823618888855,C1c2ccccc2c3ccccc13
532,-3.85,5 (265),0.20407098531723022,0.03049522638320923,CC1CCCCC1
533,-1.99,1 (262),-0.05176004767417908,0.08439850807189941,NC(=N)NS(=O)(=O)c1ccc(N)cc1 
534,-1.827,4 (195),0.15269947052001953,-0.27541935443878174,COC(=O)c1ccc(O)cc1
535,0.11,5 (265),0.1780855655670166,0.03463947772979736,CC1CCCO1
536,-3.09,4 (195),0.07705777883529663,-0.3985404968261719,CC3C2CCC1(C)C=CC(=O)C(=C1C2OC3=O)C
537,-0.85,4 (195),0.1262274980545044,-0.2532309293746948,OCC2OC(Oc1ccccc1CO)C(O)C(O)C2O
538,-2.29,5 (265),0.28577566146850586,0.21254414319992065,CCCI
539,-3.04,4 (195),0.04520618915557861,-0.4611016511917114,CCNc1nc(NC(C)C)nc(SC)n1
540,0.62,5 (265),0.37717413902282715,0.14320915937423706,CCCO
541,-3.817,1 (262),-0.34311091899871826,0.1470038890838623,CC(=O)C1(O)CCC2C3CCC4=CC(=O)CCC4(C)C3CCC21C
542,-0.29,5 (265),0.34924960136413574,0.0447462797164917,CCCC(C)O
543,-2.85,4 (195),0.08359313011169434,-0.32693883776664734,OC(C(=O)c1ccccc1)c2ccccc2
544,-1.19,1 (262),0.06069183349609375,0.05488008260726929,Cc1ccc(O)c(C)c1
545,-2.77,3 (189),-0.09910121560096741,-0.32122451066970825,Clc1cccc(c1)N(=O)=O
546,-0.624,4 (195),0.12258869409561157,-0.32872655987739563,Cc2c(N)c(=O)n(c1ccccc1)n2C
547,-6.57,2 (217),-0.263033390045166,-0.31293433904647827,Clc1ccc(c(Cl)c1)c2cc(Cl)ccc2Cl 
548,-4.92,4 (195),0.23261088132858276,-0.39245548844337463,ClC(=C(Cl)C(=C(Cl)Cl)Cl)Cl
549,-4.0,4 (195),0.04960513114929199,-0.46049755811691284,CCNc1nc(NC(C)(C)C)nc(SC)n1
550,-0.71,5 (265),0.4260079860687256,-0.0965985655784607,CCC(C)CCO
551,-0.12,2 (217),-0.282305508852005,-0.162001371383667,Cc2ncc1nccnc1n2
552,-5.5070000000000014,1 (262),-0.3639320135116577,0.1414945125579834,CC23Cc1cnoc1C=C2CCC4C3CCC5(C)C4CCC5(O)C#C
553,-2.96,5 (265),0.2786242365837097,0.2068231701850891,CCCCI
554,-4.4,1 (262),-0.23285391926765442,0.0870361328125,Brc1ccc2ccccc2c1
555,-4.081,1 (262),-0.3232688903808594,0.18020182847976685,CC1OC(CC(O)C1O)OC2C(O)CC(OC2C)OC8C(O)CC(OC7CCC3(C)C(CCC4C3CC(O)C5(C)C(CCC45O)C6=CC(=O)OC6)C7)OC8C 
556,-2.51,1 (262),-0.05445405840873718,-0.025138437747955322,FC(F)(F)c1ccccc1
557,-6.144,4 (195),0.2441379427909851,-0.19859376549720764,CCCCCCOC(=O)c1ccccc1C(=O)OCCCCCC
558,-4.38,2 (217),-0.3310464024543762,-0.11248856782913208,c1ccc2c(c1)sc3ccccc23
559,-7.8,2 (217),-0.26018333435058594,-0.2976113557815552,Clc1ccc(c(Cl)c1)c2ccc(Cl)c(Cl)c2Cl 
560,-8.01,2 (217),-0.2703847885131836,-0.29687198996543884,Clc1ccc(c(Cl)c1Cl)c2ccc(Cl)c(Cl)c2Cl 
561,-3.893,2 (217),-0.328469842672348,-0.13367024064064026,CC(=O)CC(c1ccccc1)c3c(O)c2ccccc2oc3=O 
562,-1.93,4 (195),0.07720518112182617,-0.34442397952079773,c1ccccc1C(O)C(O)c2ccccc2
563,-1.66,4 (195),0.13080239295959473,-0.2755235433578491,COC(=O)c1ccccc1C(=O)OC
564,-3.39,4 (195),0.32985085248947144,-0.2653997242450714,CCCCCCCC(=O)OCC
565,-2.42,5 (265),0.29989755153656006,0.07012569904327393,CCSSCC
566,-0.77,5 (265),0.25064122676849365,-0.048591941595077515,CCOCCOCC
567,-5.56,2 (217),-0.18342754244804382,-0.06277987360954285,Clc1cc(Cl)c(Cl)cc1Cl
568,-2.7,1 (262),-0.036719679832458496,0.1137741208076477,Nc1ccc(cc1)c2ccc(N)cc2
569,-3.73,5 (265),0.22509515285491943,0.11519932746887207,CCCCCC=C
570,-3.028,4 (195),0.06285548210144043,-0.4260210394859314,CCCCc1c(C)nc(NCC)[nH]c1=O
571,-2.39,4 (195),0.351847767829895,-0.4175751507282257,O=C1NC(=O)NC(=O)C1(CC)C(C)CCC
572,-1.52,2 (217),-0.21324416995048523,-0.11125189065933228,Nc1ccccc1Cl
573,-2.78,3 (189),-0.02070796489715576,-0.07129666209220886,COc1cccc(Cl)c1
574,-3.53,5 (265),0.20923656225204468,0.11849623918533325,CCCCN(CC)C(=O)SCCC
575,-1.37,5 (265),0.26336634159088135,-0.07058048248291016,CCCCOC=O
576,-3.18,1 (262),-0.3190653920173645,0.2656930088996887,CC12CC(O)C3C(CCC4=CC(=O)C=CC34C)C2CCC1(O)C(=O)CO
577,-1.54,5 (265),0.48932796716690063,0.0015572309494018555,BrC(Cl)Cl
578,-3.48,1 (262),-0.3497125506401062,0.17088311910629272,CC34CC(=O)C1C(CCC2=CC(=O)CCC12C)C3CCC4(=O) 
579,-7.11,1 (262),-0.02639833092689514,0.03343534469604492,c1ccc(cc1)c2ccc(cc2)c3ccccc3
580,-0.96,1 (262),-0.10925856232643127,0.15184205770492554,Oc1ccc(C=O)cc1
581,-0.79,5 (265),0.29623281955718994,0.16618597507476807,CBr
582,-3.8,1 (262),0.07482200860977173,0.10076570510864258,Cc1cc(ccc1NS(=O)(=O)C(F)(F)F)S(=O)(=O)c2ccccc2
583,-5.839,2 (217),-0.3256213963031769,-0.13676002621650696,CC(=O)CC(c1ccc(Cl)cc1)c2c(O)c3ccccc3oc2=O
584,-4.29,1 (262),-0.031676143407821655,0.14938390254974365,CCc1ccc2ccccc2c1
585,-1.4580000000000002,2 (217),-0.36829203367233276,-0.1586974859237671,Nc1c(C)c[nH]c(=O)n1 
586,-7.92,2 (217),-0.1395331621170044,-0.015658676624298096,Clc2c(Cl)c(Cl)c(c1ccccc1)c(Cl)c2Cl 
587,-4.21,3 (189),0.03322720527648926,-0.2793194055557251,c1c(NC(=O)c2ccccc2(I))cccc1
588,-3.685,3 (189),-0.026760756969451904,-0.361592173576355,Cc3cc2nc1c(=O)[nH]c(=O)nc1n(CC(O)C(O)C(O)CO)c2cc3C
589,-2.7,2 (217),-0.21384784579277039,-0.08974456787109375,Fc1ccccc1Br
590,-1.55,2 (217),-0.2753559648990631,-0.359910786151886,Oc1ccc(Cl)cc1Cl
591,-6.291,3 (189),-0.064217209815979,-0.15411490201950073,CC1(C)C(C=C(Cl)Cl)C1C(=O)OCc2cccc(Oc3ccccc3)c2
592,-4.16,2 (217),-0.40438857674598694,-0.012467831373214722,CN2C(=C(O)c1ccccc1S2(=O)=O)C(=O)Nc3ccccn3 
593,-4.907,4 (195),0.33682870864868164,-0.3293585479259491,O=C1N(COC(=O)CC)C(=O)C(N1)(c2ccccc2)c3ccccc3
594,-2.64,5 (265),0.1897498369216919,-0.009479671716690063,C1CCCC1
595,-2.21,2 (217),-0.25988298654556274,-0.09884390234947205,Cc1ccccc1N
596,-2.92,3 (189),-0.017435580492019653,-0.10145130753517151,c1(OC)ccc(CC=C)cc1
597,-2.93,3 (189),0.04985678195953369,-0.15792596340179443,CN(C)C(=O)Nc1cccc(OC(=O)NC(C)(C)C)c1 
598,-2.73,5 (265),0.18481987714767456,0.15688353776931763,CC(C)C=C
599,1.02,1 (262),-0.035035014152526855,0.1937602162361145,Oc1ccccn1
600,-1.36,5 (265),0.29246634244918823,0.16829222440719604,CC
601,-3.05,2 (217),-0.2157990038394928,-0.10865163803100586,Clc1ccccc1Cl
602,-3.18,1 (262),-0.23287072777748108,0.14482367038726807,Sc2nc1ccccc1s2 
603,-11.6,2 (217),-0.22415345907211304,-0.23414790630340576,Clc1c(Cl)c(Cl)c(c(Cl)c1Cl)c2c(Cl)c(Cl)c(Cl)c(Cl)c2Cl 
604,-3.664,3 (189),-0.0017448365688323975,-0.09994974732398987,COc2c1occc1cc3ccc(=O)oc23 
605,1.58,4 (195),0.1839624047279358,-0.3601159453392029,CC(=O)N
606,-3.7,1 (262),-0.30892419815063477,-0.05398404598236084,Cc1cccc2ccccc12
607,-3.57,3 (189),0.08257865905761719,-0.0688345730304718,CCN(CC)C(=O)C(C)Oc1cccc2ccccc12 
608,-0.62,5 (265),0.49744147062301636,-0.054264336824417114,CC(O)C(C)(C)C
609,-1.36,4 (195),0.2937242388725281,-0.22168833017349243,CCCC(=O)OCC
610,-3.03,2 (217),-0.17175191640853882,-0.021992415189743042,CC2=CC(=O)c1ccccc1C2=O 
611,-5.26,1 (262),-0.30555155873298645,-0.03408759832382202,c1ccc2c(c1)ccc3ccccc32
612,0.38,1 (262),0.034542739391326904,0.005933940410614014,Cc1ccnc(C)c1
613,-3.01,5 (265),0.3438335657119751,0.14528954029083252,CCCCCCCCCO
614,-1.17,5 (265),0.17727583646774292,0.25733089447021484,BrCBr
615,-3.59,1 (262),-0.2871970534324646,0.2760004997253418,CC1CC2C3CCC4=CC(=O)C=CC4(C)C3(F)C(O)CC2(C)C1(O)C(=O)CO
616,-4.89,1 (262),-0.255748450756073,0.05597931146621704,Cc1ccc2cc(C)ccc2c1
617,-3.68,5 (265),0.22724127769470215,0.04215747117996216,CCSC(=O)N(CC(C)C)CC(C)C
618,-2.22,5 (265),0.2551649212837219,-0.12532773613929749,O=N(=O)OCC(CON(=O)=O)ON(=O)=O 
619,-2.19,3 (189),-0.10377311706542969,-0.32096803188323975,Nc1cccc(c1)N(=O)=O
620,-2.03,5 (265),0.21524113416671753,0.2183251976966858,CCCCCl
621,-4.19,2 (217),-0.13844677805900574,0.009472906589508057,ClC(Cl)(Cl)C(NC=O)N1C=CN(C=C1)C(NC=O)C(Cl)(Cl)Cl 
622,-4.445,1 (262),-0.057875603437423706,-0.023538559675216675,Cn2cc(c1ccccc1)c(=O)c(c2)c3cccc(c3)C(F)(F)F
623,-6.2,1 (262),-0.32243943214416504,-0.029004007577896118,Nc3cc2c1ccccc1ccc2c4ccccc34 
624,-3.955,1 (262),-0.3729516863822937,0.11087411642074585,CC12CCC3C(CCc4cc(O)ccc34)C2CCC1=O
625,-4.706,2 (217),-0.3994673490524292,-0.011354893445968628,CCN2c1ccccc1N(C)C(=S)c3cccnc23 
626,-0.59,5 (265),0.17076337337493896,0.03312331438064575,CC1CO1
627,-3.796,2 (217),-0.1419031322002411,-0.0971224308013916,O=C3CN=C(c1ccccc1)c2cc(ccc2N3)N(=O)=O
628,-1.46,5 (265),0.38986772298812866,0.1519649624824524,CCNC(=S)NCC
629,-2.67,2 (217),-0.2126757800579071,-0.21450665593147278,Oc1cc(Cl)cc(Cl)c1Cl
630,-1.34,4 (195),0.2801622748374939,-0.28242021799087524,CCCCC(=O)OC
631,-0.41,1 (262),-0.033271998167037964,0.11619216203689575,Nc1ccccc1
632,-4.6789999999999985,2 (217),-0.30582600831985474,-0.0797346830368042,Cc1cccc2c(C)cccc12
633,-2.63,3 (189),-0.0083388090133667,-0.3846185803413391,NS(=O)(=O)c2cc1c(NCNS1(=O)=O)cc2Cl 
634,-3.96,1 (262),-0.31403982639312744,0.055146098136901855,C1=Cc2cccc3cccc1c23
635,-1.28,4 (195),0.25893616676330566,-0.18669354915618896,CCCCCOC(=O)CC
636,-2.084,4 (195),0.04934900999069214,-0.4808892011642456,CCNc1nc(NC(C)C)nc(OC)n1
637,-8.699,1 (262),-0.3116568922996521,0.02621161937713623,c1ccc2c(c1)cc3ccc4cccc5ccc2c3c45
638,-1.09,5 (265),0.2927315831184387,0.16453737020492554,CCBr
639,-1.99,5 (265),0.25178152322769165,0.26783108711242676,CCC#CCC
640,-5.292999999999998,1 (262),-0.32481086254119873,0.18331480026245117,CC1OC(CC(O)C1O)OC2C(O)CC(OC2C)OC8C(O)CC(OC7CCC3(C)C(CCC4C3CCC5(C)C(CCC45O)C6=CC(=O)OC6)C7)OC8C 
641,-2.73,4 (195),0.2312876582145691,-0.3627164959907532,CCC(=C)C
642,-2.42,1 (262),-0.20431968569755554,0.1758539080619812,Oc1cccc2cccnc12 
643,-4.37,1 (262),-0.3779214918613434,0.06977003812789917,C1CCc2ccccc2C1
644,-2.9,1 (262),-0.030983954668045044,0.02554333209991455,Oc1ccc(cc1)C2(OC(=O)c3ccccc23)c4ccc(O)cc4 
645,-5.6,1 (262),-0.030764669179916382,-0.047132134437561035,Brc1cc(Br)cc(Br)c1
646,-5.72,3 (189),-0.058188676834106445,-0.3969789147377014,COP(=S)(OC)Oc1cc(Cl)c(Cl)cc1Cl
647,-2.436,2 (217),-0.35234159231185913,-0.13299155235290527,Cc1cc(=O)[nH]c(=S)[nH]1
648,-1.56,3 (189),-0.011217445135116577,-0.10211056470870972,COc1cc(CC=C)ccc1O
649,-1.7080000000000002,4 (195),0.3212021589279175,-0.39182478189468384,O=C1NC(=O)NC(=O)C1(C(C)C)CC=C
650,-6.176,1 (262),-0.3106733560562134,0.05281788110733032,c1cc2ccc3cccc4ccc(c1)c2c34
651,-0.43,5 (265),0.40860140323638916,-0.05750870704650879,CCOC(C)OCC
652,-2.338,1 (262),-0.0433993935585022,0.1890244483947754,CC1(C)CON(Cc2ccccc2Cl)C1=O
653,-0.42,5 (265),0.26909059286117554,-0.012186020612716675,CCCCOCCO
654,-5.82,3 (189),-0.062002211809158325,-0.3002620339393616,Clc1c(Cl)c(Cl)c(N(=O)=O)c(Cl)c1Cl
655,-4.402,1 (262),-0.37456387281417847,0.2208167314529419,CC12CCC(O)CC1CCC3C2CCC4(C)C3CCC4=O
656,-4.047,3 (189),0.03183269500732422,-0.16211476922035217,FC(F)(F)c1cccc(c1)N2CC(CCl)C(Cl)C2=O
657,-1.3,1 (262),-0.20330148935317993,0.16138046979904175,c1ccc2ncccc2c1
658,-1.24,4 (195),0.15540480613708496,-0.27698832750320435,COC(=O)c1cc(O)c(O)c(O)c1 
659,-1.8,1 (262),-0.15429016947746277,0.06784236431121826,OC(Cn1cncn1)(Cn2cncn2)c3ccc(F)cc3F 
660,-2.8310000000000004,2 (217),-0.275905042886734,-0.35142481327056885,Clc2ccc1oc(=O)[nH]c1c2
661,-7.92,2 (217),-0.2539684474468231,-0.30358755588531494,Clc1ccc(c(Cl)c1)c2c(Cl)c(Cl)c(Cl)c(Cl)c2Cl
662,-1.25,4 (195),0.2510097026824951,-0.4571211636066437,O=C1NC(=O)C(=O)C(=O)N1 
663,-1.62,5 (265),0.20564532279968262,0.22970128059387207,ClCCCCl
664,-2.67,1 (262),-0.037504732608795166,-0.03833147883415222,Fc1cccc(Br)c1
665,-3.63,1 (262),-0.10967192053794861,0.06892365217208862,Clc1ccc(Br)cc1
666,-3.65,5 (265),0.4848253130912781,-0.03601497411727905,CC(C)C(C)C
667,-1.94,5 (265),0.18895107507705688,0.14841747283935547,CCC=C
668,-7.68,2 (217),-0.2544042766094208,-0.27786797285079956,Clc1ccc(Cl)c(c1)c2cc(Cl)c(Cl)c(Cl)c2Cl
669,-1.155,2 (217),-0.3689291477203369,-0.15472877025604248,Nc1cc[nH]c(=O)n1 
670,-3.04,5 (265),0.35222136974334717,-0.09215211868286133,FC(F)(Cl)C(F)(Cl)Cl
671,0.28,5 (265),0.250798761844635,0.27748626470565796,CCC#N
672,-6.51,1 (262),-0.112042635679245,0.044133901596069336,ClC(Cl)C(c1ccc(Cl)cc1)c2ccccc2Cl 
673,-1.96,3 (189),-0.1549799144268036,-0.39023128151893616,COc1ccccc1N(=O)=O
674,-4.12,1 (262),-0.3628023862838745,0.2173261046409607,CC34CCC1C(CC=C2CC(O)CCC12C)C3CCC4=O
675,-4.8,3 (189),0.11173945665359497,-0.16520342230796814,CC12CC2(C)C(=O)N(C1=O)c3cc(Cl)cc(Cl)c3
676,-9.018,1 (262),-0.3093608617782593,0.04402422904968262,c1cc2ccc3ccc4ccc5cccc6c(c1)c2c3c4c56
677,-3.38,3 (189),-0.1373179852962494,-0.3467686176300049,CCC(C)c1cc(cc(N(=O)=O)c1O)N(=O)=O 
678,-1.899,2 (217),-0.21185865998268127,-0.15952357649803162,c1c(OC)c(OC)C2C(=O)OCC2c1
679,1.12,5 (265),0.4344656467437744,-0.13056105375289917,OCC(O)CO
680,-1.96,2 (217),-0.23187556862831116,-0.13823318481445312,COc1ccccc1O 
681,-5.67,3 (189),-0.06834578514099121,-0.41983821988105774,CCOP(=S)(OCC)Oc1nc(Cl)c(Cl)cc1Cl 
682,-5.89,2 (217),-0.3350605070590973,-0.09901270270347595,Cc1c2ccccc2cc3ccccc13
683,0.715,4 (195),0.12239736318588257,-0.32254087924957275,Cc1cc(=O)n(c2ccccc2)n1C
684,-0.99,5 (265),0.2609063386917114,-0.012770742177963257,CCCCOC
685,-0.8540000000000001,2 (217),-0.29097241163253784,-0.18816524744033813,Cc2cnc1cncnc1n2
686,-4.55,4 (195),0.03830760717391968,-0.4869745671749115,CCNc1nc(Cl)nc(NCC)n1 
687,1.11,4 (195),0.16943758726119995,-0.36253684759140015,CN(C)C(=O)C
688,-2.676,4 (195),0.05014902353286743,-0.43348920345306396,CSc1nc(nc(n1)N(C)C)N(C)C
689,-0.4,5 (265),0.15488582849502563,0.15638810396194458,C=C
690,-0.5,5 (265),0.3056843876838684,-0.004892796277999878,CC(C)(C)CCO
691,-1.614,4 (195),0.29208850860595703,-0.41183099150657654,O=C1NC(=O)NC(=O)C1(CC)CC=C
692,-2.67,2 (217),-0.283761590719223,-0.2951531410217285,Oc1ccc(Cl)c(Cl)c1Cl
693,-1.85,3 (189),-0.03398123383522034,-0.13333114981651306,COc1ccccc1
694,-4.53,3 (189),0.10498940944671631,-0.14788737893104553,c1ccc(Cl)cc1C(c2ccc(Cl)cc2)(O)C(=O)OC(C)C
695,-3.85,1 (262),-0.32162192463874817,0.23520946502685547,CC13CCC(=O)C=C1CCC4C2CCC(C(=O)CO)C2(CC(O)C34)C=O 
696,-4.16,3 (189),-0.004724740982055664,-0.19513389468193054,COc2ccc(Oc1ccc(NC(=O)N(C)C)cc1)cc2
697,-3.11,1 (262),-0.040625572204589844,0.1251714825630188,CCc1ccc(C)cc1
698,-2.24,5 (265),0.4797857999801636,-0.02298930287361145,CC(C)SC(C)C
699,-2.29,3 (189),-0.10128307342529297,-0.3188551366329193,O=N(=O)c1cccc(c1)N(=O)=O
700,-5.54,2 (217),-0.46473002433776855,-0.002762913703918457,CCOP(=S)(OCC)SCSP(=S)(OCC)OCC
701,-2.21,4 (195),0.3666503429412842,-0.42764732241630554,CCC1(C(C)C)C(=O)NC(=O)NC1=O 
702,-4.21,1 (262),-0.32511788606643677,0.25806838274002075,CC(=O)OCC(=O)C3(O)CCC4C2CCC1=CC(=O)CCC1(C)C2C(=O)CC34C 
703,-1.22,2 (217),-0.35639697313308716,-0.23572415113449097,Cc1ncc(N(=O)=O)n1CCO
704,-1.66,1 (262),-0.123159259557724,0.04033231735229492,Nc1ccc(Cl)cc1
705,-1.52,5 (265),0.3371564745903015,-0.05626145005226135,CCCC(C)(C)CO
706,-0.82,1 (262),-0.19455724954605103,0.16638672351837158,c1ccoc1
707,-2.928,4 (195),0.0418858528137207,-0.4601612091064453,COCCCNc1nc(NC(C)C)nc(SC)n1
708,-3.1710000000000003,5 (265),0.2291540503501892,0.05408984422683716,CN(C)C(=O)NC1CC2CC1C3CCCC23
709,-3.66,1 (262),-0.11136120557785034,0.13436949253082275,CC(C)(C)c1ccccc1
710,-3.27,4 (195),0.11755692958831787,-0.30720067024230957,CC(=O)CCC1C(=O)N(N(C1=O)c2ccccc2)c3ccccc3
711,-4.37,1 (262),-0.3188527226448059,0.26176339387893677,CC(=O)OCC(=O)C3(O)CCC4C2CCC1=CC(=O)C=CC1(C)C2C(O)CC34C 
712,-0.39,5 (265),0.2559436559677124,-0.012736588716506958,CCCOC
713,-0.55,5 (265),0.2716217041015625,-0.1287088394165039,CC(C)OC(=O)C
714,-2.55,1 (262),-0.09287557005882263,0.09135091304779053,Brc1ccccc1
715,-2.35,4 (195),0.1714857816696167,-0.2647292912006378,CCOC(=O)c1ccc(O)cc1
716,-5.0710000000000015,4 (195),0.34100908041000366,-0.3173585534095764,O=C1N(COC(=O)CCC)C(=O)C(N1)(c2ccccc2)c3ccccc3
717,-5.37,1 (262),-0.3480534553527832,0.20664149522781372,CCC(=O)OC3CCC4C2CCC1=CC(=O)CCC1(C)C2CCC34C 
718,-9.332,1 (262),-0.31108635663986206,0.05766814947128296,c1cc2ccc3ccc4ccc5ccc6ccc1c7c2c3c4c5c67
719,-2.266,2 (217),-0.38498473167419434,-0.23544681072235107,O=c1[nH]cnc2[nH]ncc12 
720,-1.75,5 (265),0.14810633659362793,0.16293805837631226,ClC=C
721,-2.98,4 (195),0.06861060857772827,-0.37618565559387207,CN(C)C(=O)C(c1ccccc1)c2ccccc2 
722,-3.14,1 (262),-0.030575573444366455,-0.055148690938949585,BrC(Br)(Br)Br
723,-4.871,2 (217),-0.42158928513526917,-0.06633812189102173,CCN2c1cc(N(C)C)cc(C)c1NC(=O)c3cccnc23 
724,-2.61,2 (217),-0.1781991720199585,-0.022788316011428833,O=C1NC(=O)c2ccccc12 
725,-4.38,1 (262),-0.14338275790214539,0.058443307876586914,OC(c1ccc(Cl)cc1)(c2cncnc2)c3ccccc3Cl
726,-1.85,4 (195),0.1329609751701355,-0.28583043813705444,COC(=O)c1ccccc1
727,-0.807,2 (217),-0.36269599199295044,-0.1899009644985199,Cn1ccc(=O)[nH]c1=O
728,-3.73,4 (195),0.11927801370620728,-0.31601423025131226,CCCCC1C(=O)N(N(C1=O)c2ccc(O)cc2)c3ccccc3 
729,-6.47,2 (217),-0.1580541729927063,-0.08120444416999817,Clc1ccc(Cl)c(c1)c2cccc(Cl)c2Cl 
730,-3.29,3 (189),-0.01783648133277893,-0.3691372871398926,CCC2NC(=O)c1cc(c(Cl)cc1N2)S(N)(=O)=O
731,-3.8,3 (189),0.0390392541885376,-0.2117207944393158,CN(C)C(=O)Nc1ccc(Cl)c(Cl)c1
732,-2.1,5 (265),0.16380172967910767,-0.013288140296936035,C1CC=CC1
733,-1.99,4 (195),0.2722163796424866,-0.4620184600353241,C1(=O)NC(=O)NC(=O)C1(O)C2(O)C(=O)NC(=O)NC2(=O)
734,-5.88,5 (265),0.27409857511520386,0.12597030401229858,CCCCCCCCC
735,-1.06,2 (217),-0.21248677372932434,-0.10671523213386536,Oc1ccccc1Cl
736,-6.59,1 (262),-0.29695218801498413,0.01927971839904785,c1cccc2c3c(C)cc4ccccc4c3ccc12
737,-2.33,3 (189),-0.04029273986816406,-0.1641114056110382,CCOc1ccccc1
738,-3.0,3 (189),0.0756794810295105,-0.13787159323692322,CCOC(=O)C=Cc1ccccc1
739,-2.484,2 (217),-0.3632310628890991,-0.19285979866981506,Cc1[nH]c(=O)n(c(=O)c1Cl)C(C)(C)C
740,-3.499,2 (217),-0.14509868621826172,-0.09428223967552185,Clc1ccccc1C2=NCC(=O)Nc3ccc(cc23)N(=O)=O
741,-1.74,1 (262),-0.05283987522125244,0.09371507167816162,Cc1ccc(cc1)S(=O)(=O)N
742,-2.617,3 (189),0.10227036476135254,-0.15523317456245422,CC(OC(=O)Nc1cccc(Cl)c1)C#C
743,-5.08,5 (265),0.3107517957687378,0.03955280780792236,CCCCCC(C)C
744,-8.176,3 (189),-0.07909700274467468,-0.15465936064720154,CC1(C)C(C=C(Cl)C(F)(F)F)C1C(=O)OC(C#N)c2cccc(Oc3ccccc3)c2
745,-3.5380000000000003,2 (217),-0.4278899133205414,-0.07582518458366394,CCCC1C(=O)N3N(C1=O)c2cc(C)ccc2N=C3N(C)C 
746,-3.754,2 (217),-0.14552688598632812,-0.07633987069129944,CN2C(=O)CN=C(c1ccccc1)c3cc(Cl)ccc23
747,-0.7,5 (265),0.40227144956588745,-0.0351468026638031,CCC(O)C(C)C
748,-2.3,3 (189),-0.08050060272216797,-0.2727232575416565,CCOP(=S)(OCC)Oc1ccc(cc1)S(C)=O 
749,-2.32,1 (262),-0.30412572622299194,0.18951910734176636,CC1(C)C2CCC1(C)C(O)C2
750,-4.02,1 (262),-0.33929622173309326,0.18862658739089966,CC12CCC3C(CCC4=CC(=O)CCC34C)C2CCC1O
751,-4.53,5 (265),0.268493115901947,0.08685249090194702,CCCCCCC
752,-2.22,1 (262),-0.3007265627384186,-0.034802407026290894,Oc1cccc2ccccc12
753,-4.3,5 (265),0.18649959564208984,0.04000502824783325,C/C1CCCCC1\C
754,-3.638,2 (217),-0.2385793924331665,-0.14662021398544312,COc2cc1c(N)nc(nc1c(OC)c2OC)N3CCN(CC3)C(=O)OCC(C)(C)O 
755,-7.85,1 (262),-0.2704318165779114,0.03049546480178833,C1Cc2c3c1cccc3cc4c2ccc5ccccc54
756,-5.27,1 (262),-0.3237822651863098,0.1275085210800171,CC(=O)C3(C)CCC4C2C=C(C)C1=CC(=O)CCC1(C)C2CCC34C
757,-1.45,4 (195),0.24383419752120972,-0.3100895881652832,CCCCCC(=O)C
758,0.54,3 (189),0.10104531049728394,-0.10157465934753418,COP(=O)(NC(C)=O)SC 
759,-5.14,5 (265),0.20911580324172974,0.11519753932952881,CCCCSP(=O)(SCCCC)SCCCC
760,-2.932,4 (195),0.264708936214447,-0.45001041889190674,c1cC2C(=O)NC(=O)C2cc1
761,-2.68,3 (189),-0.012188047170639038,-0.37800851464271545,NS(=O)(=O)c2cc1c(NC(NS1(=O)=O)C(Cl)Cl)cc2Cl 
762,-2.56,5 (265),0.1887769103050232,0.15793681144714355,CC=C(C)C
763,-3.31,1 (262),0.06603288650512695,0.06785154342651367,Cc1ccc(C)c(C)c1
764,-2.21,2 (217),-0.18610411882400513,-0.060339123010635376,Oc1cc(Cl)c(Cl)cc1Cl
765,-2.78,1 (262),-0.23014456033706665,0.12694555521011353,c1ccc2c(c1)cnc3ccccc23 
766,-0.98,5 (265),0.3356205224990845,-0.02589663863182068,CCCC(C)(O)CC
767,-5.24,5 (265),0.2613234519958496,0.1936001181602478,CCCCCCCC
768,-6.35,1 (262),-0.2216663360595703,0.1174006462097168,c1ccc2cc3ccccc3cc2c1
769,0.07,3 (189),0.01494687795639038,-0.2868834435939789,NNc1ccccc1
770,0.58,5 (265),0.19521105289459229,0.10645580291748047,CCC=O
771,-4.15,5 (265),0.196868896484375,0.014150083065032959,C1CCCCCCC1
772,-2.077,4 (195),0.30269676446914673,-0.39982491731643677,O=C1NC(=O)NC(=O)C1(CC=C)CC=C
773,-1.17,5 (265),0.4587365388870239,-0.010973930358886719,ClC(Cl)Cl
774,-2.273,2 (217),-0.3639717400074005,-0.17848491668701172,Sc1nccc(=O)[nH]1 
775,-5.915,3 (189),0.004308462142944336,-0.20214655995368958,Clc1ccc(CN(C2CCCC2)C(=O)Nc3ccccc3)cc1
776,-3.27,4 (195),0.3488193154335022,-0.3536700904369354,CC1=CCCCC1
777,-2.13,5 (265),0.36020416021347046,0.05451536178588867,CCCCC(CC)C=O
778,-3.0210000000000004,3 (189),0.001014113426208496,-0.09815093874931335,COc2c1occc1c(OC)c3c(=O)cc(C)oc23 
779,-2.658,4 (195),0.2714536190032959,-0.4225662052631378,O=C1NC(=O)NC(=O)C1(CC)CCC(C)C
780,-8.0,1 (262),-0.3427300453186035,0.03006446361541748,c1ccc2c3c(ccc2c1)c4cccc5cccc3c45
781,-1.52,5 (265),0.36346274614334106,0.05710411071777344,CCC(CC)C=O
782,-1.62,5 (265),0.26117831468582153,-0.041738688945770264,CCCOCCC
783,-5.84,5 (265),0.3408186435699463,0.14727604389190674,CCCCCCCCCCCCCCO
784,-2.64,2 (217),-0.28362253308296204,-0.2991013526916504,Oc1c(Cl)ccc(Cl)c1Cl
785,0.96,4 (195),0.1822403073310852,-0.3657178282737732,NC(=O)N
786,-1.64,5 (265),0.25533199310302734,0.2455405592918396,CCCC#C
787,-3.54,1 (262),-0.029723763465881348,-0.04159587621688843,Brc1cccc(Br)c1
788,-8.4,5 (265),0.337608277797699,0.1452043652534485,CCCCCCCCCCCCCCCCCCO
789,-1.33,3 (189),-0.005376279354095459,-0.2500770390033722,CC(=O)Nc1ccccc1
790,-2.7,1 (262),0.06302744150161743,0.05270552635192871,c1cc(O)c(O)c2OCC3(O)CC4=CC(=O)C(O)=CC4=C3c21
791,0.009000000000000001,1 (262),-0.0912969708442688,0.1479843258857727,c1nccc(C(=O)NN)c1
792,-5.46,2 (217),-0.17418262362480164,-0.22572466731071472,OC1C=CC2C1C3(Cl)C(=C(Cl)C2(Cl)C3(Cl)Cl)Cl 
793,-1.52,5 (265),0.2618725895881653,-0.09221220016479492,CC(C)CCOC=O
794,-1.28,4 (195),0.11311662197113037,-0.29956817626953125,CC(=O)c1ccccc1
795,-5.4,1 (262),-0.2303251326084137,0.13691693544387817,c2ccc1nc(ccc1c2)c4ccc3ccccc3n4 
796,0.43,2 (217),-0.4652843475341797,0.00039821863174438477,CCOP(=O)(OCC)OCC
797,-1.85,1 (262),-0.31113874912261963,0.189406156539917,CC2(C)C1CCC(C)(C1)C2=O
798,-0.91,2 (217),-0.2929377555847168,-0.19390428066253662,COc2cnc1cncnc1n2
799,-5.64,2 (217),-0.1751680076122284,-0.21927541494369507,ClC2=C(Cl)C3(Cl)C1C=CCC1C2(Cl)C3(Cl)Cl 
800,-0.62,3 (189),-0.07411196827888489,-0.29785847663879395,CC(C)N(=O)=O
801,-5.27,2 (217),-0.32217666506767273,-0.1149263083934784,c1ccc2c(c1)[nH]c3ccccc32
802,0.7,5 (265),0.43634551763534546,-0.12821558117866516,OCC(O)C(O)CO
803,-2.452,4 (195),0.1785564422607422,-0.27515867352485657,CCCOC(=O)c1ccc(N)cc1
804,0.6509999999999999,5 (265),0.2827014923095703,-0.13790494203567505,CNC(=O)C=C(C)OP(=O)(OC)OC
805,0.3,4 (195),0.23270583152770996,-0.46841564774513245,O=C1CCC(=O)N1
806,-4.28,5 (265),0.41079407930374146,-0.054147034883499146,CCC(C)C(C)C
807,-4.16,4 (195),0.06590080261230469,-0.4279642105102539,CCCCc1c(C)nc(NCC)nc1OS(=O)(=O)N(C)C 
808,-4.634,2 (217),-0.39541590213775635,-0.011905282735824585,CCN2c1ncccc1N(C)C(=S)c3cccnc23 
809,-3.68,2 (217),-0.3978040814399719,0.018547356128692627,O2c1ccccc1N(CC)C(=O)c3ccccc23 
810,-0.03,5 (265),0.18961119651794434,-0.016535699367523193,C1CCOCC1
811,-3.01,5 (265),0.2582775950431824,0.22139883041381836,CCCCCC#C
812,-4.314,3 (189),-0.005722463130950928,-0.10190105438232422,c1cc2ccc(OC)c(CC=C(C)(C))c2oc1=O 
813,-7.92,1 (262),-0.27344954013824463,0.03268873691558838,c1cc(C)cc2c1c3cc4cccc5CCc(c45)c3cc2
814,-2.32,4 (195),0.1868787407875061,-0.24837806820869446,CCOC(=O)c1ccccc1
815,-2.0,5 (265),0.426699697971344,-0.04265955090522766,ClCC(C)C
816,-4.3,1 (262),-0.3677027225494385,0.12479907274246216,CC34CCC1C(CCc2cc(O)ccc12)C3CCC4(O)C#C 
817,-4.69,4 (195),0.2874360680580139,-0.26432934403419495,CCCCCCCCCCCC(=O)OC
818,-2.58,5 (265),0.2945893406867981,0.06046217679977417,CCCSCCC
819,-8.6,1 (262),-0.23627173900604248,0.09545093774795532,c1ccc2cc3cc4ccccc4cc3cc2c1
820,-3.08,5 (265),0.2807144522666931,0.14903831481933594,CCCCCBr
821,-3.82,5 (265),0.20938992500305176,0.10674089193344116,CCCC/C=C/C
822,-1.26,2 (217),-0.359468013048172,-0.2349747121334076,Cc1ncc(N(=O)=O)n1CCO 
823,-6.08,5 (265),0.26371145248413086,0.04117929935455322,CCCCCC1CCCC1
824,-7.42,2 (217),-0.26153847575187683,-0.2719574272632599,Clc1ccc(Cl)c(c1)c2c(Cl)c(Cl)cc(Cl)c2Cl 
825,-2.148,4 (195),0.36302274465560913,-0.42662298679351807,O=C1NC(=O)NC(=O)C1(CC)C(C)C
826,-2.0,5 (265),0.33668702840805054,-0.07667863368988037,CC(Cl)(Cl)Cl
827,-2.57,3 (189),0.01837366819381714,-0.2056552767753601,CON(C)C(=O)Nc1ccc(Cl)cc1
828,-3.06,4 (195),0.27767103910446167,-0.485532283782959,O=C2NC(=O)C1(CCCCC1)C(=O)N2
829,-0.85,4 (195),0.06928443908691406,-0.3942004442214966,CN(C)C(=O)OC1=CC(=O)CC(C)(C)C1 
830,-3.19,1 (262),-0.07253751158714294,0.09776216745376587,Cc1ccc(Br)cc1
831,-0.09,5 (265),0.24741870164871216,-0.050507187843322754,CCOCC
832,-4.376,3 (189),0.10625094175338745,-0.1605607569217682,CC(C)NC(=O)N1CC(=O)N(C1=O)c2cc(Cl)cc(Cl)c2
833,-5.53,3 (189),-0.17598295211791992,-0.4326666295528412,CCCCN(CC)c1c(cc(cc1N(=O)=O)C(F)(F)F)N(=O)=O
834,-2.05,1 (262),0.05459237098693848,0.04210251569747925,Cc1cc(C)c(O)c(C)c1
835,-1.64,1 (262),-0.014956951141357422,0.03224366903305054,c1ccccc1
836,-4.03,1 (262),-0.132526695728302,0.03942751884460449,Clc1ccc(I)cc1
837,-2.564,3 (189),0.04193764925003052,-0.21407845616340637,COc1ccc(NC(=O)N(C)C)cc1Cl
838,-2.48,2 (217),-0.4893253743648529,-0.04704338312149048,CC(C)N(C(=O)CCl)c1ccccc1 
839,-2.82,1 (262),-0.11329379677772522,0.1664292812347412,C=Cc1ccccc1
840,0.48,5 (265),0.25251615047454834,-0.013225674629211426,COCOC
841,-2.8,2 (217),-0.2626742124557495,-0.09718674421310425,Cc1ccccc1C
842,0.47,5 (265),0.40440940856933594,-0.03281879425048828,CCC(C)O
843,-0.17,1 (262),-0.1026766300201416,0.13803642988204956,Oc1ccc(O)cc1
844,-4.955,1 (262),-0.37474820017814636,0.09698385000228882,CC34CCC1C(CCc2cc(O)ccc12)C3CC(O)C4O 
845,-8.04,1 (262),-0.36456477642059326,0.035194575786590576,C1c2ccccc2c3cc4ccccc4cc13
846,-0.4,4 (195),0.2439785599708557,-0.4639797806739807,O=C1CNC(=O)N1 
847,-2.59,5 (265),0.2708524465560913,0.08557760715484619,c1(O)cc(O)ccc1CCCCCC
848,-0.83,5 (265),0.17037492990493774,0.16156679391860962,C=CCS(=O)SCC=C
849,-5.3820000000000014,3 (189),-0.08384793996810913,-0.2701878845691681,CCOP(=S)(OCC)Oc2ccc1oc(=O)c(Cl)c(C)c1c2
850,-7.01,1 (262),-0.29291629791259766,0.017105579376220703,Cc1c(C)c2c3ccccc3ccc2c4ccccc14
851,-4.71,1 (262),-0.2843567430973053,0.274763822555542,CCCCC(=O)OC3(C(C)CC4C2CCC1=CC(=O)C=CC1(C)C2(F)C(O)CC34C)C(=O)CO
852,-3.93,2 (217),-0.35655367374420166,-0.15774598717689514,O=c2[nH]c(=O)c1[nH]c(=O)[nH]c1[nH]2 
853,-3.1,2 (217),-0.22160935401916504,-0.26192280650138855,Oc1c(Cl)cc(Cl)c(Cl)c1Cl
854,-3.04,1 (262),-0.014062464237213135,-0.03879445791244507,Clc1cccc(Cl)c1
855,-7.15,2 (217),-0.14148157835006714,0.010819673538208008,Clc1ccc(cc1)C(c2ccc(Cl)cc2)C(Cl)(Cl)Cl
856,-1.01,5 (265),0.26519203186035156,-0.09215885400772095,CC(C)COC=O
857,-2.39,1 (262),-0.036898642778396606,0.07842427492141724,c1ccccc1SC
858,-4.207,2 (217),-0.41915690898895264,-0.05072149634361267,CCN2c1nc(C)cc(C(F)(F)F)c1NC(=O)c3cccnc23 
859,-3.84,5 (265),0.2838563323020935,0.04374974966049194,CCCCCC
860,-0.46,4 (195),0.13693416118621826,-0.2912392020225525,COC(=O)c1cccnc1 
861,-3.59,3 (189),-0.009028136730194092,-0.37908074259757996,NS(=O)(=O)c3cc2c(NC(Cc1ccccc1)NS2(=O)=O)cc3C(F)(F)F
862,-7.82,2 (217),-0.26634061336517334,-0.34062302112579346,Clc1ccc(cc1Cl)c2cc(Cl)c(Cl)c(Cl)c2Cl 
863,-4.925,3 (189),0.11505436897277832,-0.16724351048469543,CC1(OC(=O)N(C1=O)c2cc(Cl)cc(Cl)c2)C=C
864,-3.15,4 (195),0.03526294231414795,-0.48829326033592224,CCNc1nc(Cl)nc(NC(C)(C)C#N)n1
865,-6.726,2 (217),-0.3279455304145813,-0.11345061659812927,c1ccc2c(c1)c3ccccc3c4ccccc24
866,-4.95,1 (262),-0.101642906665802,0.13472497463226318,CC=C(C(=CC)c1ccc(O)cc1)c2ccc(O)cc2
867,-6.96,4 (195),0.2124159336090088,-0.21492567658424377,CCCCC(CC)COC(=O)c1ccccc1C(=O)OCC(CC)CCCC
868,0.51,1 (262),-0.0340135395526886,0.18912488222122192,CCc1ccccn1
869,-2.28,3 (189),-0.0493224561214447,-0.41565462946891785,COP(=O)(OC)OC(Br)C(Cl)(Cl)Br
870,-4.345,1 (262),-0.017897605895996094,0.03703051805496216,c1ccc(cc1)c2ccccc2
871,-8.71,2 (217),-0.1978192925453186,-0.19140559434890747,Clc1cc(Cl)c(c(Cl)c1)c2c(Cl)cc(Cl)cc2Cl 
872,-3.364,4 (195),0.054495275020599365,-0.42003220319747925,CN(C)c1nc(nc(n1)N(C)C)N(C)C
873,-0.92,5 (265),0.31655991077423096,-0.03629690408706665,CC(C)CC(C)(C)O
874,-3.168,4 (195),0.2759128212928772,-0.47952038049697876,O=C2NC(=O)C1(CCCCCC1)C(=O)N2 
875,0.64,4 (195),0.1174616813659668,-0.25288060307502747,OCC1OC(O)(CO)C(O)C1O
876,-1.4,1 (262),0.04834425449371338,0.03020268678665161,Cc1cc(C)cc(O)c1
877,-4.37,3 (189),0.10570484399795532,-0.1559223234653473,ClCC#CCOC(=O)Nc1cccc(Cl)c1
878,-2.843,3 (189),-0.009461671113967896,-0.21733522415161133,CC(=O)Nc1ccc(Cl)cc1
879,-8.94,2 (217),-0.2586243748664856,-0.27427130937576294,Clc1ccc(Cl)c(c1)c2c(Cl)c(Cl)c(Cl)c(Cl)c2Cl
880,-3.55,5 (265),0.32610201835632324,-0.04835757613182068,CCC(C)(C)C
881,-1.28,3 (189),0.009805619716644287,-0.307730495929718,CNc1ccccc1
882,-2.09,5 (265),0.17131370306015015,0.15775173902511597,C=CCC=C
883,-4.88,1 (262),-0.3193731904029846,0.2557802200317383,CC(=O)OCC(=O)C1(O)CCC2C3CCC4=CC(=O)CCC4(C)C3C(O)CC21C
884,-1.456,3 (189),-0.13364627957344055,-0.3476226031780243,Cc1cc(cc(N(=O)=O)c1O)N(=O)=O
885,-3.604,2 (217),-0.1511530578136444,-0.08892035484313965,OC3N=C(c1ccccc1Cl)c2cc(Cl)ccc2NC3=O
886,-0.7,1 (262),3.248453140258789e-05,-0.027587145566940308,Oc1cccc(Cl)c1
887,-3.21,1 (262),-0.021360456943511963,-0.04065176844596863,Clc1cccc(Br)c1
888,-3.05,3 (189),-0.006424695253372192,-0.3879494071006775,NS(=O)(=O)c2cc1c(N=CNS1(=O)=O)cc2Cl 
889,-1.228,4 (195),0.2729340195655823,-0.4391860365867615,O=C1NC(=O)NC(=O)C1(C)CC
890,-0.7,3 (189),-0.0390983521938324,-0.16054165363311768,OCCOc1ccccc1
891,-4.08,1 (262),0.0043561458587646484,0.19380730390548706,C(c1ccccc1)c2ccccc2
892,-1.98,5 (265),0.353854775428772,0.023233890533447266,CCCCCC(O)CC
893,-6.78,3 (189),-0.16815459728240967,-0.41913944482803345,CCN(Cc1c(F)cccc1Cl)c2c(cc(cc2N(=O)=O)C(F)(F)F)N(=O)=O
894,-4.43,4 (195),0.04075062274932861,-0.47592416405677795,CC(C)Nc1nc(Cl)nc(NC(C)C)n1
895,-1.11,5 (265),0.42145615816116333,-0.08626922965049744,CCCC(C)CO
896,-1.08,5 (265),0.3032471537590027,0.008695662021636963,CCCCC(C)(C)O
897,-2.77,1 (262),-0.024298787117004395,0.1692703366279602,CCc1ccccc1
898,-2.253,4 (195),0.28441762924194336,-0.4257352948188782,O=C1NC(=O)NC(=O)C1(CC)CC=C(C)C
899,-6.317,2 (217),-0.1751880943775177,-0.22990304231643677,ClC1C=CC2C1C3(Cl)C(=C(Cl)C2(Cl)C3(Cl)Cl)Cl
900,-2.647,4 (195),0.3569195866584778,-0.42392346262931824,CCC(C)C1(CC(Br)=C)C(=O)NC(=O)NC1=O 
901,-6.025,3 (189),-0.08642128109931946,-0.1540229618549347,CC1(C)C(C(=O)OC(C#N)c2cccc(Oc3ccccc3)c2)C1(C)C
902,-5.19,5 (265),0.2808001637458801,-0.13237982988357544,COC(C)(C)CCCC(C)CC=CC(C)=CC(=O)OC(C)C
903,-0.66,4 (195),0.28380972146987915,-0.19448810815811157,CCOC(=O)CC
904,-4.1,4 (195),0.0472446084022522,-0.4468364715576172,CSc1nc(NC(C)C)nc(NC(C)C)n1
905,-3.9,3 (189),0.008554577827453613,-0.19791603088378906,CC(C#C)N(C)C(=O)Nc1ccc(Cl)cc1
906,-4.72,1 (262),-0.22421064972877502,0.11553943157196045,Cc1cc2ccccc2cc1C
907,-6.25,2 (217),-0.2658461332321167,-0.32617199420928955,Clc1ccc(cc1)c2cc(Cl)ccc2Cl 
908,-7.39,2 (217),-0.2500171661376953,-0.2819508910179138,Clc1ccc(c(Cl)c1)c2cc(Cl)c(Cl)c(Cl)c2Cl 
909,-0.31,5 (265),0.24481189250946045,0.2861902713775635,NC(N)=NC#N 
910,-2.0,3 (189),-0.07406666874885559,-0.2921784222126007,ClC(Cl)(Cl)N(=O)=O
911,-5.21,2 (217),-0.14297270774841309,-0.015644490718841553,Clc1cccc(Cl)c1c2ccccc2 
912,-1.49,3 (189),-0.02412182092666626,-0.10049000382423401,COc1ccc(C=O)cc1
913,-2.692,3 (189),-0.04396983981132507,-0.2645707130432129,CC(=O)Nc1ccc(cc1)N(=O)=O
914,-2.74,4 (195),0.3100425601005554,-0.25886327028274536,CCCCCCC(=O)OCC
915,-1.03,3 (189),-0.025000840425491333,-0.23282977938652039,CC(=O)Nc1ccc(O)cc1
916,-2.16,2 (217),-0.31399402022361755,-0.11839303374290466,c2ccc1[nH]ncc1c2 
917,-4.31,1 (262),-0.293639212846756,0.26585328578948975,CC5(C)OC4CC3C2CCC1=CC(=O)C=CC1(C)C2(F)C(O)CC3(C)C4(O5)C(=O)CO 
918,-3.583,2 (217),-0.38885363936424255,-0.2308359146118164,Nc2nc1[nH]cnc1c(=O)[nH]2 
919,0.46,4 (195),0.31913018226623535,-0.18781399726867676,COC(=O)C
920,-4.743,1 (262),-0.3266306519508362,0.18763595819473267,CC34CCC1C(CCC2CC(=O)CCC12C)C3CCC4O 
921,-0.59,5 (265),0.3897152543067932,0.002142667770385742,CCCC(O)C=C
922,-3.931,4 (195),0.08299338817596436,-0.32998526096343994,OC(C1=CC2C5C(C1C2=C(c3ccccc3)c4ccccn4)C(=O)NC5=O)(c6ccccc6)c7ccccn7 
923,-1.85,5 (265),0.266465961933136,-0.013478010892868042,CCCCOCCCC
924,-4.8,5 (265),0.33543574810028076,0.13536149263381958,CCCCCCCCCCCCO
925,-3.36,2 (217),-0.41603636741638184,-0.05388420820236206,CCN2c1nc(N(C)(CCO))ccc1NC(=O)c3cccnc23 
926,-0.49,5 (265),0.31278854608535767,-0.010402292013168335,CCCC(C)(C)O
927,-0.972,2 (217),-0.36513951420783997,-0.15618538856506348,Nc1nc(=O)[nH]cc1F
928,-3.84,4 (195),0.21669429540634155,-0.22144684195518494,CCCCOc1ccc(C(=O)OCC)c(c1)N(CC)CC 
929,-1.72,5 (265),0.2937687039375305,0.026115715503692627,CCCCCC(C)(C)O
930,-5.23,1 (262),0.07012349367141724,0.09244829416275024,Cc1c(C)c(C)c(C)c(C)c1C
931,-2.22,1 (262),0.057816267013549805,0.05577796697616577,CC(C)c1ccc(C)cc1O
932,0.02,2 (217),-0.2884446382522583,-0.18075022101402283,c2cnc1ncncc1n2
933,-4.66,3 (189),-0.07499611377716064,-0.2775724530220032,CCOP(=S)(OCC)Oc1ccc(cc1)N(=O)=O
934,-0.9,1 (262),-0.5,0.5,C
935,-1.04,1 (262),-0.38097894191741943,0.07078307867050171,c2ccc1NCCc1c2 
936,-3.54,3 (189),-0.14925608038902283,-0.3987824618816376,O=N(=O)c1cccc2ccccc12
937,-0.67,4 (195),0.20485848188400269,-0.34994807839393616,CCC(C)C(=O)C
938,-3.401,2 (217),-0.3943420648574829,-0.24271565675735474,Nc1nc(O)nc2nc[nH]c12 
939,-4.445,2 (217),-0.3312597870826721,-0.1359749138355255,OC(CC(c1ccccc1)c3c(O)c2ccccc2oc3=O)c4ccc(cc4)c5ccc(Br)cc5 
940,0.26,3 (189),-0.07204622030258179,-0.2950843572616577,CN(=O)=O
941,-4.88,5 (265),0.2210868000984192,0.04439479112625122,CC(C)N(C(C)C)C(=O)SCC(Cl)=C(Cl)Cl
942,-2.68,5 (265),0.1730741262435913,0.1520288586616516,C=CCCC=C
943,-1.52,1 (262),-0.2094111442565918,0.11384499073028564,c2ccc1[nH]ccc1c2
944,-3.69,1 (262),-0.3463890552520752,0.17078101634979248,CC34CCC1C(CCC2=CC(=O)CCC12C)C3CCC4=O
945,-3.23,5 (265),0.2076023817062378,0.1300058364868164,CCCCC=C
946,-3.79,3 (189),-0.034251630306243896,-0.3485769033432007,Cc1cccc(C)c1NC(=O)c2cc(c(Cl)cc2O)S(N)(=O)=O
947,-4.25,5 (265),0.22464442253112793,0.03562605381011963,CCC1CCCCC1
948,-2.58,4 (195),0.250177264213562,-0.2989090085029602,CCCCCCCC(=O)C
949,-3.88,4 (195),0.09029996395111084,-0.31051862239837646,COC(=O)Nc2nc1ccc(cc1[nH]2)C(=O)c3ccccc3
950,-3.38,3 (189),0.09920006990432739,-0.1518772542476654,CC(C)OC(=O)Nc1cccc(Cl)c1
951,-4.114,2 (217),-0.4122384190559387,-0.03355160355567932,CCN2c1nc(Cl)ccc1N(C)C(=O)c3cccnc23 
952,-3.224,3 (189),0.07677674293518066,-0.07461577653884888,CNC(=O)Oc1cccc2ccccc12
953,0.29,5 (265),0.26076310873031616,0.26060038805007935,C#C
954,0.38,1 (262),0.043776869773864746,0.017815053462982178,Cc1cncc(C)c1
955,-2.06,5 (265),0.16020417213439941,-0.015130102634429932,C1C=CCC=C1
956,-2.518,2 (217),-0.47155773639678955,-0.015626728534698486,CCOC(=O)N(C)C(=O)CSP(=S)(OCC)OCC
957,-0.92,4 (195),0.07540756464004517,-0.34831830859184265,CC(O)c1ccccc1
958,-1.6,5 (265),0.4380756616592407,-0.0356062650680542,CC(Cl)CCl
959,-2.46,5 (265),0.19471508264541626,0.11196386814117432,CCCC=C(CC)C=O
960,-4.23,2 (217),-0.47657617926597595,0.01196742057800293,CCOP(=S)(OCC)SCCSCC
961,-5.284,1 (262),-0.33551955223083496,0.1399891972541809,CC(=O)OC3(C)CCC4C2CCC1=CC(=O)CCC1(C)C2CCC34C 
962,-6.14,2 (217),-0.14753523468971252,-0.0157642662525177,Clc1ccc(cc1)c2c(Cl)cccc2Cl 
963,-6.02,3 (189),-0.013922929763793945,-0.21815064549446106,Fc1cccc(F)c1C(=O)NC(=O)Nc2ccc(Cl)cc2
964,-4.46,2 (217),-0.2744947373867035,-0.3642391562461853,Oc1cc(Cl)ccc1Oc2ccc(Cl)cc2Cl
965,-6.6370000000000005,4 (195),0.2440483570098877,-0.19590827822685242,c1(C(=O)OCCCCCC(C)(C))c(C(=O)OCCCCCC(C)(C))cccc1
966,-3.24,1 (262),-0.32436439394950867,0.2351895570755005,CC12CC(O)C3C(CCC4=CC(=O)CCC34C)C2CCC1C(=O)CO
967,-3.4,1 (262),0.04057717323303223,0.018053174018859863,Cc1cc(C)cc(C)c1
968,-5.115,4 (195),0.22937583923339844,-0.2088891565799713,CCCCCCCCOC(=O)c1ccccc1C(=O)OCCCCCCCC 
969,-6.35,5 (265),0.3458142876625061,0.13002043962478638,CCCCCCCCCCCCCCCO
970,-7.39,2 (217),-0.1912233829498291,-0.13676956295967102,Clc1cccc(Cl)c1c2c(Cl)cccc2Cl 
971,-1.742,4 (195),0.2655201554298401,-0.45290425419807434,O=C1NC(=O)NC(=O)C1(C)C
972,-2.09,5 (265),0.4881861209869385,-0.03614881634712219,CC(C)I
973,-3.1,3 (189),-0.15227413177490234,-0.393231600522995,O=N(=O)c1ccccc1N(=O)=O
974,-0.12,4 (195),0.19447284936904907,-0.3557397127151489,CC(C)C(=O)C
975,-8.4,5 (265),0.256231427192688,0.17432630062103271,CCCCCCCCCCCCCCCC
976,-1.74,1 (262),-0.2930636405944824,0.19092702865600586,CC12CCC(CC1)C(C)(C)O2
977,-2.07,2 (217),-0.2622619569301605,-0.07366317510604858,Cc2cccc3sc1nncn1c23 
978,-2.05,4 (195),0.26582252979278564,-0.2813514769077301,CCCCCCC(=O)C
979,-3.38,4 (195),0.29129940271377563,-0.26763173937797546,CCCCCCCCC(=O)OC
980,-1.97,1 (262),-0.05205428600311279,-0.030319631099700928,Fc1ccc(F)cc1
981,-2.676,2 (217),-0.4220113754272461,0.01332545280456543,O=C1N(C2CCC(=O)NC2=O)C(=O)c3ccccc13
982,-5.68,3 (189),-0.17794004082679749,-0.43970775604248047,CCCN(CCC)c1c(cc(cc1N(=O)=O)C(F)(F)F)N(=O)=O
983,1.1,5 (265),0.3841276168823242,0.14785301685333252,CCO
984,-2.349,4 (195),0.27294284105300903,-0.47132760286331177,O=C2NC(=O)C1(CCCC1)C(=O)N2
985,-1.83,3 (189),0.08782958984375,-0.14428168535232544,c1c(NC(=O)OC(C)C(=O)NCC)cccc1
986,-5.24,3 (189),-0.0637984573841095,-0.15061965584754944,CC(C)=CC3C(C(=O)OCc2cccc(Oc1ccccc1)c2)C3(C)C 
987,-2.218,5 (265),0.2273855209350586,0.050582051277160645,CN(C)C(=O)NC1CCCCCCC1
988,-6.8,2 (217),-0.16652515530586243,-0.2230197787284851,ClC1(C2(Cl)C3(Cl)C4(Cl)C5(Cl)C1(Cl)C3(Cl)Cl)C5(Cl)C(Cl)(Cl)C24Cl
989,-5.06,5 (265),0.27714401483535767,0.14232635498046875,CCCCCCCCBr
990,-4.883,3 (189),0.09029453992843628,-0.14379069209098816,CCCCNC(=O)n1c(NC(=O)OC)nc2ccccc12
991,-0.364,4 (195),0.12255251407623291,-0.33259648084640503,CN(C)c2c(C)n(C)n(c1ccccc1)c2=O 
992,-0.24,5 (265),0.39363396167755127,-0.017622828483581543,CCC(O)CC
993,-2.49,3 (189),-0.054851263761520386,-0.29246950149536133,Cc1ccc(cc1)N(=O)=O
994,-1.14,5 (265),0.4283883571624756,-0.11068418622016907,CC(C)CCCO
995,-4.57,1 (262),-0.3639345169067383,0.13734930753707886,CC34CCC1C(CCC2=CC(=O)CCC12O)C3CCC4(O)C#C
996,-4.93,3 (189),0.10867506265640259,-0.14583277702331543,CC(C)OC(=O)C(O)(c1ccc(Br)cc1)c2ccc(Br)cc2 
997,-2.878,3 (189),0.03219360113143921,-0.15640076994895935,Nc2cnn(c1ccccc1)c(=O)c2Cl
998,0.15,5 (265),0.321603000164032,-0.031072646379470825,CCC(C)(C)O
999,-0.73,1 (262),-0.05383393168449402,0.10118246078491211,Cc1ccc(O)cc1
1000,0.15,5 (265),0.25544029474258423,-0.07262066006660461,CCOC=O
1001,-1.92,1 (262),-0.015080630779266357,0.1659420132637024,CN(C)c1ccccc1
1002,-5.19,5 (265),0.1872544288635254,0.03423285484313965,C1CCC2CCCCC2C1
1003,-2.18,5 (265),0.2800469994544983,0.04378211498260498,CCCCS
1004,-7.8,1 (262),-0.31067442893981934,0.034908175468444824,c1ccc2c(c1)c3cccc4ccc5cccc2c5c43
1005,-2.54,4 (195),0.23276269435882568,-0.38867127895355225,ClC(=C(Cl)Cl)Cl
1006,-0.28,4 (195),0.2603699564933777,-0.32565873861312866,CCC(=O)CC
1007,0.15,5 (265),0.342335045337677,-0.10002955794334412,C=CC#N
1008,-5.613,1 (262),-0.28717267513275146,0.28226006031036377,CC1CC2C3CC(F)C4=CC(=O)C=CC4(C)C3(F)C(O)CC2(C)C1(O)C(=O)CO
1009,-0.8,4 (195),0.23811596632003784,-0.32350656390190125,CCCCC(=O)C
1010,-3.239,4 (195),0.05077016353607178,-0.48478934168815613,CCNc1nc(NC(C)(C)C)nc(OC)n1
1011,-5.16,5 (265),0.35453587770462036,0.049845755100250244,CCCCC(C)CC
1012,-1.68,5 (265),0.17417746782302856,0.2597085237503052,BrCCBr
1013,-2.863,3 (189),0.07678920030593872,-0.10092863440513611,CNC(=O)Oc1ccccc1C(C)C
1014,-3.22,2 (217),-0.35611361265182495,-0.2416718304157257,O=C1NCCN1c2ncc(s2)N(=O)=O
1015,-6.68,1 (262),-0.3792512118816376,0.04617577791213989,C1c2ccccc2c3ccc4ccccc4c13
1016,-2.46,2 (217),-0.21888914704322815,-0.12515947222709656,COc1ccccc1Cl
1017,-6.09,3 (189),-0.0606440007686615,-0.39923298358917236,COP(=S)(OC)Oc1cc(Cl)c(Br)cc1Cl
1018,-5.03,2 (217),-0.17732086777687073,-0.026650547981262207,ClC(Cl)CC(=O)NC2=C(Cl)C(=O)c1ccccc1C2=O
1019,-7.2,1 (262),-0.11222302913665771,0.04055798053741455,ClC(Cl)C(c1ccc(Cl)cc1)c2ccc(Cl)cc2 
1020,-0.22,4 (195),0.32306915521621704,-0.18791240453720093,COC(=O)C=C
1021,-4.89,3 (189),-0.00041159987449645996,-0.19567307829856873,CN(C)C(=O)Nc2ccc(Oc1ccc(Cl)cc1)cc2
1022,-4.45,1 (262),-0.0205838680267334,0.04180425405502319,N(=Nc1ccccc1)c2ccccc2
1023,-3.77,1 (262),-0.04430249333381653,0.09935349225997925,CC(C)c1ccc(C)cc1
1024,-1.79,2 (217),-0.18835970759391785,-0.13920879364013672,Oc1c(Cl)cccc1Cl
1025,0.79,4 (195),0.11943942308425903,-0.25050830841064453,OCC2OC(OC1(CO)OC(CO)C(O)C1O)C(O)C(O)C2O 
1026,0.35,4 (195),0.12890666723251343,-0.23176521062850952,OC1C(O)C(O)C(O)C(O)C1O
1027,-0.17,2 (217),-0.36360400915145874,-0.2266172468662262,Cn2c(=O)n(C)c1ncn(CC(O)CO)c1c2=O
1028,-2.111,3 (189),-0.11122319102287292,-0.3104639947414398,OCC(NC(=O)C(Cl)Cl)C(O)c1ccc(cc1)N(=O)=O
1029,-0.85,5 (265),0.3209511637687683,-0.028310954570770264,CCC(O)(CC)CC
1030,-5.41,1 (262),-0.32641685009002686,0.19072270393371582,CC45CCC2C(CCC3CC1SC1CC23C)C4CCC5O
1031,-3.5,2 (217),-0.21427926421165466,-0.09348419308662415,Brc1ccccc1Br
1032,-2.34,2 (217),-0.20086213946342468,-0.1912943720817566,Oc1c(Cl)cc(Cl)cc1Cl
1033,-5.16,3 (189),-0.179668128490448,-0.44884592294692993,CCCN(CCC)c1c(cc(cc1N(=O)=O)S(N)(=O)=O)N(=O)=O
1034,-4.799,2 (217),-0.38703590631484985,0.029380738735198975,C2c1ccccc1N(CCF)C(=O)c3ccccc23 
1035,-1.3,4 (195),0.192449152469635,-0.3536871075630188,CC(C)C(=O)C(C)C
1036,-2.593,4 (195),0.31873929500579834,-0.39278644323349,O=C1NC(=O)NC(=O)C1(C(C)C)CC=C(C)C
1037,-2.943,2 (217),-0.21193474531173706,-0.16327863931655884,c1c(O)C2C(=O)C3cc(O)ccC3OC2cc1(OC)
1038,-0.8759999999999999,2 (217),-0.36881929636001587,-0.2180555760860443,Cn1cnc2n(C)c(=O)n(C)c(=O)c12
1039,-4.173,1 (262),-0.345344603061676,0.14531153440475464,CC(=O)SC4CC1=CC(=O)CCC1(C)C5CCC2(C)C(CCC23CCC(=O)O3)C45
1040,-1.38,1 (262),0.06367349624633789,0.07013821601867676,Cc1ccc(O)cc1C
1041,-3.96,3 (189),-0.03567314147949219,-0.13072115182876587,O(c1ccccc1)c2ccccc2
1042,-8.56,2 (217),-0.1795751452445984,-0.06644698977470398,Clc1cc(Cl)c(cc1Cl)c2cc(Cl)c(Cl)cc2Cl 
1043,0.61,4 (195),0.14055854082107544,-0.29505014419555664,NC(=O)c1cccnc1 
1044,-2.12,1 (262),-0.015031248331069946,0.03761935234069824,Sc1ccccc1
1045,-2.5810000000000004,3 (189),0.08593189716339111,-0.11195707321166992,CNC(=O)Oc1cc(C)cc(C)c1
1046,-6.86,2 (217),-0.16610583662986755,-0.21424761414527893,ClC1CC2C(C1Cl)C3(Cl)C(=C(Cl)C2(Cl)C3(Cl)Cl)Cl
1047,-1.44,1 (262),-0.02861836552619934,0.08131217956542969,CSSC
1048,-0.96,4 (195),0.07204931974411011,-0.2988118529319763,NC(=O)c1ccccc1
1049,-3.19,2 (217),-0.21482858061790466,-0.09953290224075317,Clc1ccccc1Br
1050,-0.742,4 (195),0.12871205806732178,-0.2646806240081787,COC(=O)c1ccccc1OC2OC(COC3OCC(O)C(O)C3O)C(O)C(O)C2O
1051,-1.47,5 (265),0.37005096673965454,0.01109933853149414,CCCCC(O)CC
1052,-4.5539999999999985,2 (217),-0.41574007272720337,-0.04979774355888367,CCN2c1nc(C)cc(C)c1NC(=O)c3cccnc23 
1053,-1.34,2 (217),-0.19096410274505615,-0.2010287344455719,Oc1cc(Cl)cc(Cl)c1
1054,-5.85,1 (262),-0.31065481901168823,-0.026544272899627686,Cc1cccc2c1ccc3ccccc32
1055,-2.11,5 (265),0.37491488456726074,0.013827145099639893,CCCCC(CC)CO
1056,-4.2860000000000005,5 (265),0.226129949092865,0.046263813972473145,CC(C)N(C(C)C)C(=O)SCC(=CCl)Cl
1057,-2.21,1 (262),-0.04192239046096802,0.07790398597717285,Cc1ccccc1
1058,-3.76,2 (217),-0.21802714467048645,-0.10560402274131775,Clc1cccc(n1)C(Cl)(Cl)Cl
1059,-3.18,5 (265),0.17850655317306519,-0.005649298429489136,C1CCC=CCC1
1060,-3.9,5 (265),0.3971373438835144,0.1576874852180481,CN(C)C(=S)SSC(=S)N(C)C 
1061,-3.2460000000000004,2 (217),-0.21557003259658813,-0.13569965958595276,COC1=CC(=O)CC(C)C13Oc2c(Cl)c(OC)cc(OC)c2C3=O
1062,-3.63,5 (265),0.3310390114784241,0.12912237644195557,CCCCCCCCCCO
1063,-4.23,5 (265),0.33006298542022705,-0.05134156346321106,CCC(C)(C)CC
1064,1.144,5 (265),0.2858295440673828,-0.1400946080684662,CNC(=O)C(C)SCCSP(=O)(OC)(OC)
1065,-3.15,2 (217),-0.22804012894630432,-0.25561028718948364,Oc1cc(Cl)c(Cl)c(Cl)c1Cl
1066,-0.01,5 (265),0.19725829362869263,0.10939759016036987,CCCC=O
1067,-4.9,1 (262),-0.27771973609924316,0.27913254499435425,CC4CC3C2CCC1=CC(=O)C=CC1(C)C2(F)C(O)CC3(C)C4(O)C(=O)COC(C)=O 
1068,-2.57,5 (265),0.2899148464202881,0.05216538906097412,CCCC
1069,-1.96,2 (217),-0.22602716088294983,-0.13196495175361633,COc1ccccc1O
1070,-4.099,1 (262),-0.2870786190032959,0.2861902713775635,CC1CC2C3CCC(O)(C(=O)C)C3(C)CC(O)C2(F)C4(C)C=CC(=O)C=C14
1071,-2.6,5 (265),0.45482349395751953,0.0046828389167785645,ClC(Cl)C(Cl)(Cl)Cl
1072,-2.35,4 (195),0.2012767791748047,-0.2336912453174591,CCOC(=O)c1ccccc1C(=O)OCC
1073,0.1,5 (265),0.43327879905700684,-0.11887973546981812,CC(C)CO
1074,-4.12,1 (262),-0.02722245454788208,0.16799461841583252,CC(C)Cc1ccccc1
1075,-2.34,5 (265),0.29553699493408203,0.21818649768829346,ICI
1076,-1.4,5 (265),0.38680267333984375,-1.8149614334106445e-05,CCCC(O)CCC
1077,-1.89,5 (265),0.258869469165802,-0.16423994302749634,CCCCCOC(=O)C
1078,-3.37,2 (217),-0.21811199188232422,-0.269202321767807,Oc1c(Cl)c(Cl)cc(Cl)c1Cl
1079,-3.37,1 (262),-0.012758433818817139,0.1857340931892395,CCCc1ccccc1
1080,-2.74,5 (265),0.34869658946990967,-0.09027543663978577,FC(F)(Cl)C(F)(F)Cl
1081,0.32,5 (265),0.1847090721130371,0.1068156361579895,CC=CC=O
1082,0.94,4 (195),0.16582626104354858,-0.36384254693984985,CN(C)C(=O)N(C)C 
1083,-4.59,1 (262),0.06867188215255737,0.07995009422302246,Cc1cc(C)c(C)cc1C
1084,-4.8,1 (262),-0.3353208303451538,0.13700813055038452,CC(=O)OC3(CCC4C2CCC1=CC(=O)CCC1C2CCC34C)C#C
1085,-3.35,2 (217),-0.42386382818222046,0.01031196117401123,CCOP(=S)(OCC)N2C(=O)c1ccccc1C2=O
1086,-3.59,3 (189),0.035515546798706055,-0.28050464391708374,c1ccccc1NC(=O)c2c(O)cccc2
1087,-3.39,4 (195),0.23410212993621826,-0.3638841509819031,CCN(CC)C(=S)SCC(Cl)=C
1088,-1.06,5 (265),0.20902979373931885,0.21962577104568481,ClCC
1089,-3.24,1 (262),0.07384359836578369,0.09671264886856079,CC(=O)Nc1cc(NS(=O)(=O)C(F)(F)F)c(C)cc1C
1090,-3.46,2 (217),-0.43465232849121094,-0.08630329370498657,O=C(C=CC=Cc2ccc1OCOc1c2)N3CCCCC3
1091,-2.54,5 (265),0.20890289545059204,0.0990527868270874,CC/C=C\C
1092,-1.62,3 (189),0.09904295206069946,-0.10502198338508606,CNC(=O)ON=C(CSC)C(C)(C)C 
1093,-2.982,4 (195),0.27845627069473267,-0.4892840087413788,O=C2NC(=O)C1(CCCCCCC1)C(=O)N2
1094,-4.24,3 (189),0.09287071228027344,-0.10822692513465881,c1(C(C)(C)C)cc(C(C)(C)C)cc(OC(=O)NC)c1
1095,-3.62,1 (262),-0.11878663301467896,0.15592491626739502,Oc2cc(O)c1C(=O)CC(Oc1c2)c3ccc(O)c(O)c3
1096,-3.12,4 (195),0.08998650312423706,-0.3077075481414795,O=C(c1ccccc1)c2ccccc2
1097,-8.172,5 (265),0.26472747325897217,0.14664888381958008,CCCCCCCCCCCCCCCCCCCC
1098,-2.92,3 (189),0.013033270835876465,-0.2956491708755493,N(Nc1ccccc1)c2ccccc2 
1099,-1.17,5 (265),0.3781348466873169,0.015822947025299072,CCC(CC)CO
1100,1.02,1 (262),-0.09495949745178223,0.1475263237953186,Oc1ccncc1
1101,-1.3,5 (265),0.14119386672973633,0.16646349430084229,Cl\C=C/Cl
1102,-3.3,5 (265),0.1878247857093811,0.03710639476776123,CC1CCCC1
1103,-0.8,5 (265),0.4073670506477356,-0.029421836137771606,CC(C)CC(C)O
1104,-3.928,2 (217),-0.41987669467926025,-0.009908318519592285,O2c1ccc(N)cc1N(C)C(=O)c3cc(C)ccc23 
1105,-0.4,5 (265),0.3024108409881592,-0.004106491804122925,CC(C)(C)CO
1106,-3.61,3 (189),-0.0025841891765594482,-0.19180700182914734,CC(C)(C)C(=O)C(Oc1ccc(Cl)cc1)n2cncn2
1107,-2.461,1 (262),-0.006866276264190674,0.21162766218185425,Cc1cc(no1)C(=O)NNCc2ccccc2
1108,-1.08,5 (265),0.18751782178878784,0.154241144657135,CC=C
1109,-3.953,2 (217),-0.278343141078949,-0.36312058568000793,Oc1ccc(Cl)cc1Cc2cc(Cl)ccc2O
1110,-4.632,3 (189),0.07725512981414795,-0.13535308837890625,CCOC(=O)Nc2cccc(OC(=O)Nc1ccccc1)c2 
1111,-5.19,2 (217),-0.1739678680896759,-0.02493351697921753,O=C1c2ccccc2C(=O)c3ccccc13
1112,-2.09,5 (265),0.33279991149902344,0.04359620809555054,CCCCCCC(C)O
1113,-2.281,3 (189),0.047165751457214355,-0.2818745970726013,CC1=C(C(=O)Nc2ccccc2)S(=O)(=O)CCO1
1114,-4.06,1 (262),-0.011054188013076782,0.1980750560760498,CCCCc1ccccc1
1115,-0.4,4 (195),0.2539120316505432,-0.4584670662879944,O=C1NC(=O)C(=O)N1 
1116,-6.237,3 (189),-0.06970301270484924,-0.38166654109954834,COP(=S)(OC)Oc1ccc(Sc2ccc(OP(=S)(OC)OC)cc2)cc1
1117,-3.451,3 (189),-0.023121356964111328,-0.35577577352523804,NS(=O)(=O)c1cc(ccc1Cl)C2(O)NC(=O)c3ccccc23
1118,-1.21,5 (265),0.26424556970596313,-0.12350249290466309,CC(C)COC(=O)C
1119,-4.36,5 (265),0.5,-0.05792400240898132,CC(C)C(C)(C)C
1120,-7.66,2 (217),-0.2729080319404602,-0.29826778173446655,Clc1ccc(c(Cl)c1Cl)c2c(Cl)cc(Cl)c(Cl)c2Cl 
1121,-2.38,1 (262),-0.004219800233840942,0.042799413204193115,N#Cc1ccccc1C#N
1122,-2.44,3 (189),-0.051195621490478516,-0.2902824580669403,Cc1cccc(c1)N(=O)=O
1123,-1.71,5 (265),0.4924374222755432,0.003992199897766113,FC(F)(F)C(Cl)Br 
1124,0.106,3 (189),0.10298025608062744,-0.1051335334777832,CNC(=O)ON=C(SC)C(=O)N(C)C
1125,-3.091,2 (217),-0.47908326983451843,0.015453517436981201,CCSCCSP(=S)(OC)OC
1126,-3.18,5 (265),0.41464942693710327,-0.048665374517440796,CCC(C)C
1127,-4.522,3 (189),-0.052871912717819214,-0.4076206684112549,COP(=O)(OC)OC(=CCl)c1cc(Cl)c(Cl)cc1Cl
