,MMNF_prob
0,0.050909568
1,0.9997876
2,0.9997036
3,0.99959046
4,0.2571114
5,0.9975147
6,0.9673223
7,0.56605506
8,0.9182897
9,0.21842743
10,0.5734504
11,0.27482402
12,0.004223115
13,0.019891351
14,0.9925828
15,0.25335264
16,0.91525304
17,0.25837657
18,0.9519228
19,0.8435856
20,0.30082622
21,0.9818635
22,0.8908157
23,0.23114075
24,0.99947435
25,0.79963845
26,0.5987835
27,0.9967399
28,0.34568506
29,0.31907403
30,0.085142225
31,0.8870119
32,0.8945303
33,0.6627698
34,0.96157354
35,0.9585096
36,0.96157354
37,0.73388046
38,0.7097135
39,0.9885061
40,0.7683908
41,0.9682414
42,0.98693603
43,0.050794654
44,0.2161809
45,0.0579004
46,0.8677636
47,0.007304164
48,0.870184
49,0.6571277
50,0.9997876
51,0.9996705
52,0.21471383
53,0.42764285
54,0.17708395
55,0.0027921398
56,0.9369042
57,0.49887553
58,0.9643226
59,0.970517
60,0.103566
61,0.24028122
62,0.064058594
63,0.9181204
64,0.9321841
65,0.0051063136
66,0.0069347885
67,0.81086266
68,0.04224432
69,0.024601033
70,0.024532106
71,0.38595825
72,0.007705594
73,0.0076151285
74,0.7567471
75,0.48731935
76,0.1098642
77,0.28556654
78,0.9970234
79,0.86849815
80,0.79027486
81,0.63140726
82,0.6783064
83,0.8273207
84,0.97384554
85,0.022066977
86,0.17378841
87,0.96594185
88,0.62308645
89,0.14754634
90,0.9843396
91,0.06151284
92,0.3414632
93,0.33774033
94,0.91614336
95,0.81250703
96,0.929619
97,0.9258812
98,0.82410926
99,0.9763342
100,0.014082688
101,0.11548945
102,0.92658526
103,0.9514258
104,0.099932365
105,0.14055161
106,0.0025529612
107,0.0059854514
108,0.004320547
109,0.0063642613
110,0.99960715
111,0.8114795
112,0.9327847
113,0.9091763
114,0.046150114
115,0.88945657
116,0.09994793
117,0.64829415
118,0.16304846
119,0.0076883975
120,0.0062053134
121,0.31508526
122,0.95215917
123,0.5386711
124,0.8865667
125,0.87440044
126,0.9377237
127,0.034764357
128,0.03341755
129,0.9164952
130,0.98363596
131,0.9923785
132,0.97173566
133,0.97384554
134,0.13000792
135,0.32860625
136,0.3153218
137,0.58620715
138,0.0077713616
139,0.7240857
140,0.39956272
141,0.29961082
142,0.39337826
143,0.4633479
144,0.9277521
145,0.011270238
146,0.7236255
147,0.8338662
148,0.011553999
149,0.96188164
150,0.9984711
151,0.9894555
152,0.008111673
153,0.73495424
154,0.013373848
155,0.19885203
156,0.28954357
157,0.104572184
158,0.9988275
159,0.9931594
160,0.9981198
161,0.45360544
162,0.8455354
163,0.57328415
164,0.7088261
165,0.04127519
166,0.5495234
167,0.83189434
168,0.9375775
169,0.3614079
170,0.20006192
171,0.15616111
172,0.8469537
173,0.8567723
174,0.42275017
175,0.08622097
176,0.04011469
177,0.6563721
178,0.052508697
179,0.0528165
180,0.6998036
181,0.117643446
182,0.21937351
183,0.70127094
184,0.9225912
185,0.8397102
186,0.87413174
187,0.1474415
188,0.892706
189,0.87428135
190,0.77697223
191,0.7769724
192,0.2811615
193,0.28675744
194,0.09964986
195,0.7601302
196,0.933794
197,0.18535726
198,0.15349609
199,0.9442359
200,0.8112113
201,0.9792428
202,0.42124027
203,0.84075546
204,0.88128394
205,0.9455738
206,0.8025406
207,0.9024841
208,0.47377932
209,0.9807993
210,0.9275683
211,0.9565538
212,0.98548174
213,0.98000205
214,0.7337057
215,0.8326285
216,0.0033233422
217,0.0030613164
218,0.008311088
219,0.0034248026
220,0.8702099
221,0.006823147
222,0.44591257
223,0.06293288
224,0.0053935926
225,0.40839186
226,0.41679442
227,0.43907368
228,0.046702206
229,0.72481066
230,0.03638867
231,0.23953395
232,0.08824094
233,0.49065048
234,0.76071745
235,0.9218198
236,0.021821553
237,0.0078141065
238,0.029801363
239,0.9513496
240,0.995262
241,0.028172284
242,0.9635871
243,0.028812815
244,0.3428452
245,0.9058658
246,0.5556234
247,0.08362139
248,0.37347
249,0.993568
250,0.98855954
251,0.5922292
252,0.008423445
253,0.9909174
254,0.5948888
255,0.004714264
256,0.98202604
257,0.9994061
258,0.9980128
259,0.7329248
260,0.9706233
261,0.88249785
262,0.8654694
263,0.8072591
264,0.0028885452
265,0.016262306
266,0.05806631
267,0.02257436
268,0.3356347
269,0.8136521
270,0.8441415
271,0.89546466
272,0.022599827
273,0.042517174
274,0.03686707
275,0.66072416
276,0.9619254
277,0.88719726
278,0.99948716
279,0.024848867
280,0.0047681914
281,0.0061127874
282,0.9864933
283,0.56605506
284,0.97945374
285,0.95332783
286,0.6418081
287,0.07816512
288,0.3713801
289,0.034438476
290,0.050127905
291,0.8896692
292,0.2763771
293,0.89764744
294,0.0054091597
295,0.9915245
296,0.95877993
297,0.9853812
298,0.013774667
299,0.026100421
300,0.026115477
301,0.08285695
302,0.9584136
303,0.9967661
304,0.33158848
305,0.44668546
306,0.007934927
307,0.16167827
308,0.3082423
309,0.023463374
310,0.99483997
311,0.98846185
312,0.99793065
313,0.0056324974
314,0.0048456537
315,0.7063506
316,0.4920029
317,0.94630665
318,0.53501785
319,0.12467048
320,0.084749475
321,0.8875723
322,0.9823605
323,0.8904847
324,0.39339134
325,0.07391921
326,0.97877717
327,0.85768473
328,0.040756922
329,0.13349436
330,0.06936328
331,0.01613873
332,0.0034948406
333,0.030867863
334,0.0029849596
335,0.02305906
336,0.0456112
337,0.012152984
338,0.011471138
339,0.013698648
340,0.7266401
341,0.040354256
342,0.17467293
343,0.0059845555
344,0.5611656
345,0.90877956
346,0.988839
347,0.9573432
348,0.0053797634
349,0.8990559
350,0.110372774
351,0.31628492
352,0.99520123
353,0.9958325
354,0.7090777
355,0.86191505
356,0.15805037
357,0.010724519
358,0.4054942
359,0.060201418
360,0.9723263
361,0.97320175
362,0.070345365
363,0.18758857
364,0.108006485
365,0.28916994
366,0.99886537
367,0.4893114
368,0.07831433
369,0.7958634
370,0.027274838
371,0.17489178
372,0.8626819
373,0.9977749
374,0.84035397
375,0.76495296
376,0.051745307
377,0.92454636
378,0.7586217
379,0.02904149
380,0.0042787264
381,0.04245931
382,0.01694276
383,0.040936697
384,0.78084683
385,0.7999426
386,0.056712467
387,0.64411575
388,0.98419476
389,0.8642701
390,0.06617475
391,0.45282003
392,0.6122502
393,0.16007029
394,0.11304236
395,0.018362546
396,0.017252792
397,0.060834244
398,0.013304449
399,0.075518735
400,0.029067088
401,0.047348343
402,0.3852936
403,0.8278264
404,0.7051015
405,0.7860216
406,0.9666825
407,0.73227537
408,0.8920223
409,0.6186341
410,0.018140707
411,0.24341272
412,0.78602177
413,0.06779031
414,0.049153626
415,0.24903892
416,0.105152845
417,0.88856685
418,0.32115793
419,0.77049786
420,0.87559426
421,0.10851011
422,0.17928435
423,0.007927228
424,0.021227984
425,0.95627993
426,0.85808975
427,0.008916851
428,0.9659214
429,0.9923751
430,0.057210356
431,0.66813546
432,0.9753449
433,0.88525087
434,0.011586407
435,0.91924167
436,0.9710632
437,0.50202125
438,0.009587101
439,0.1306428
440,0.81882024
441,0.7604391
442,0.11521379
443,0.9035628
444,0.89487404
445,0.18808676
446,0.36038294
447,0.093602054
448,0.66919535
449,0.5250357
450,0.74624395
451,0.85506076
452,0.008929023
453,0.027376097
454,0.027585302
455,0.014670001
456,0.0063354056
457,0.20316595
458,0.0038276261
459,0.009179922
460,0.01139568
461,0.9505593
462,0.35154584
463,0.25238132
464,0.8398664
465,0.633154
466,0.6418081
467,0.61004245
468,0.011758954
469,0.8963485
470,0.9005366
471,0.007855406
472,0.47398958
473,0.007571972
474,0.012480821
475,0.3993543
476,0.07388192
477,0.012306656
478,0.06840048
479,0.008003758
480,0.044393186
481,0.011452708
482,0.7137851
483,0.4256798
484,0.89064145
485,0.32318833
486,0.024971036
487,0.1363822
488,0.9476174
489,0.91107816
490,0.035433214
491,0.8805342
492,0.49207228
493,0.7219936
494,0.76176304
495,0.8872236
496,0.7923828
497,0.60188335
498,0.5252341
499,0.1595295
500,0.7202321
501,0.9024119
502,0.028970942
503,0.7702913
504,0.78805965
505,0.34244925
506,0.6998918
507,0.77811563
508,0.01061889
509,0.88352966
510,0.6303266
511,0.015075905
512,0.059115082
513,0.011500243
514,0.0100712245
515,0.041429408
516,0.75628203
517,0.6555244
518,0.039325252
519,0.89367443
520,0.85688156
521,0.007571972
522,0.019214457
523,0.7458995
524,0.011472679
525,0.66498905
526,0.95043707
527,0.99206185
528,0.99740654
529,0.99771166
530,0.38700753
531,0.4819857
532,0.9895605
533,0.9583669
534,0.8369162
535,0.78404874
536,0.096520424
537,0.30876896
538,0.93878067
539,0.8964256
540,0.8410315
541,0.9917916
542,0.9974934
543,0.05201864
544,0.7959292
545,0.5738688
546,0.73495424
547,0.12329171
548,0.008744421
549,0.47725365
550,0.1544313
551,0.58352983
552,0.6870768
553,0.009099343
554,0.99901414
555,0.99689037
556,0.80289704
557,0.8831051
558,0.67841613
559,0.0034014743
560,0.8615156
561,0.8617996
562,0.8733772
563,0.7644164
564,0.9980806
565,0.66677374
566,0.67743355
567,0.41703388
568,0.4102975
569,0.4712785
570,0.9571098
571,0.09691783
572,0.44339693
573,0.83492905
574,0.06292253
575,0.060838416
576,0.099130735
577,0.1738986
578,0.17373943
579,0.17117329
580,0.05898502
581,0.39854482
582,0.05627227
583,0.019751916
584,0.02187517
585,0.0032196809
586,0.30506718
587,0.87924266
588,0.94835675
589,0.40921134
590,0.7355646
591,0.9688495
592,0.66987497
593,0.9254079
594,0.024742886
595,0.019441562
596,0.84499437
597,0.9604531
598,0.07073793
599,0.026143353
600,0.012877889
601,0.16838874
602,0.99520123
603,0.9248993
604,0.6185887
605,0.9793173
606,0.97085166
607,0.7828874
608,0.99400204
609,0.9688495
610,0.3286371
611,0.95975554
612,0.99030495
613,0.79841423
614,0.31482497
615,0.11660541
616,0.9671016
617,0.014320719
618,0.027377333
619,0.014439991
620,0.18325578
621,0.012345313
622,0.031022761
623,0.014582441
624,0.94969475
625,0.058189094
626,0.004049918
627,0.005930898
628,0.9400173
629,0.45225996
630,0.091068156
631,0.034162246
632,0.04844887
633,0.09663975
634,0.015960792
635,0.10808171
636,0.008013199
637,0.8723017
638,0.8280581
639,0.9560229
640,0.7097135
641,0.8435856
642,0.9519228
643,0.73388046
644,0.97841084
645,0.039133076
646,0.9401566
647,0.80005896
648,0.11668492
649,0.34834522
650,0.05992868
651,0.008138011
652,0.15286185
653,0.629334
654,0.155593
655,0.25623497
656,0.08059604
657,0.0771059
658,0.028959302
659,0.014000143
660,0.91203004
661,0.203595
662,0.5800947
663,0.015350438
664,0.2723265
665,0.011077686
666,0.3158894
667,0.059553526
668,0.8318118
669,0.02178021
670,0.78930616
671,0.7046541
672,0.9936963
673,0.9439688
674,0.06263878
675,0.021371674
676,0.9977489
677,0.9847778
678,0.13044009
679,0.969838
680,0.98034716
681,0.9760803
682,0.33244357
683,0.87703186
684,0.5848372
685,0.9737588
686,0.9941427
687,0.99501085
688,0.4930003
689,0.61287236
690,0.09701294
691,0.80096596
692,0.24444582
693,0.51443034
694,0.12070493
695,0.12070501
696,0.0439913
697,0.9907883
698,0.1339797
699,0.83722246
700,0.7840487
701,0.91858226
702,0.953604
703,0.11622583
704,0.97350603
705,0.9856655
706,0.96589583
707,0.89967155
708,0.008423956
709,0.031626265
710,0.8588501
711,0.0069843456
712,0.93171805
713,0.13896517
714,0.032597538
715,0.005347673
716,0.060546707
717,0.029705564
718,0.47977495
719,0.14717637
720,0.15627402
721,0.11721423
722,0.10110439
723,0.076915056
724,0.19707711
725,0.17330444
726,0.94101083
727,0.830225
728,0.06482743
729,0.04450139
730,0.97906303
731,0.8001155
732,0.057159424
733,0.7124455
734,0.050996643
735,0.031516388
736,0.020765394
737,0.21568055
738,0.15916476
739,0.17856237
740,0.082034014
741,0.1053391
742,0.1801911
743,0.2082608
744,0.008084334
745,0.61160994
746,0.99016666
747,0.40228137
748,0.9843524
749,0.07201016
750,0.57089686
751,0.85221004
752,0.24843177
753,0.009483241
754,0.10108016
755,0.11529118
756,0.17747845
757,0.30394444
758,0.14763457
759,0.96703064
760,0.06960386
761,0.076670304
762,0.022300476
763,0.020148715
764,0.021031987
765,0.016126098
766,0.0064737713
767,0.0046622893
768,0.94569874
769,0.29940966
770,0.90063584
771,0.1636326
772,0.018268472
773,0.006222572
774,0.120573334
775,0.99771166
776,0.9991037
777,0.8011761
778,0.6002652
779,0.99125624
780,0.97933286
781,0.012909931
782,0.051907863
783,0.6256872
784,0.29639128
785,0.34855413
786,0.27180266
787,0.87764496
788,0.9576714
789,0.96635526
790,0.33695063
791,0.75080436
792,0.077642776
793,0.011074866
794,0.9287741
795,0.25368598
796,0.07453678
797,0.879329
798,0.0056639
799,0.012879531
800,0.49368498
801,0.0053652935
802,0.10221351
803,0.6368578
804,0.062834844
805,0.96448785
806,0.4564436
807,0.061772525
808,0.9668796
809,0.989514
810,0.7696501
811,0.06286406
812,0.011215773
813,0.07764273
814,0.8063897
815,0.8556299
816,0.009550104
817,0.028325668
818,0.91197693
819,0.54622513
820,0.13797933
821,0.17219578
822,0.36222944
823,0.25923505
824,0.005536976
825,0.13234688
826,0.009118978
827,0.3588816
828,0.89642215
829,0.88172436
830,0.5917924
831,0.97650075
832,0.0505907
833,0.2376443
834,0.8935555
835,0.059363596
836,0.14192484
837,0.025822744
838,0.03005909
839,0.8483538
840,0.48156235
841,0.011181736
842,0.9435839
843,0.08311374
844,0.778823
845,0.95798194
846,0.007222342
847,0.37969178
848,0.99366105
849,0.9340535
850,0.765716
851,0.5003476
852,0.15314883
853,0.9456199
854,0.7952452
855,0.0694414
856,0.013738786
857,0.9817623
858,0.2622985
859,0.06433834
860,0.7953183
861,0.83479935
862,0.0034275283
863,0.576312
864,0.7539061
865,0.9998958
866,0.9998055
867,0.2808233
868,0.010584551
869,0.060425777
870,0.010760075
871,0.065314494
872,0.15139697
873,0.06260195
874,0.42873734
875,0.80809313
876,0.08767756
877,0.8176092
878,0.5775183
879,0.44203362
880,0.99395096
881,0.98937386
882,0.996207
883,0.8716977
884,0.31087282
885,0.45545226
886,0.07721095
887,0.8581106
888,0.08131141
889,0.9930078
890,0.2107749
891,0.2142825
892,0.33758932
893,0.08812706
894,0.080928296
895,0.0967126
896,0.24156402
897,0.23734874
898,0.7113703
899,0.07550438
900,0.5147007
901,0.98737437
902,0.079461895
903,0.7675427
904,0.1360766
905,0.9895983
906,0.65090394
907,0.8219123
908,0.8163716
909,0.70972526
910,0.61401224
911,0.56890774
912,0.18154177
913,0.009547163
914,0.048277453
915,0.054749712
916,0.12280884
917,0.96753067
918,0.13260555
919,0.2907203
920,0.9892133
921,0.977032
922,0.9761596
923,0.97146624
924,0.4321839
925,0.95360386
926,0.07179494
927,0.1043756
928,0.978798
929,0.107161045
930,0.060425777
931,0.015782457
932,0.47263226
933,0.19700252
934,0.08638416
935,0.003365779
936,0.003937473
937,0.90021294
938,0.004078581
939,0.36193618
940,0.09680604
941,0.09995061
942,0.061489392
943,0.07022246
944,0.05491818
945,0.8777159
946,0.052395478
947,0.018764772
948,0.97491777
949,0.44335148
950,0.7565341
951,0.03982398
952,0.9997036
953,0.9998958
954,0.09043142
955,0.0902963
956,0.062139045
957,0.16535445
958,0.073927015
959,0.04671104
960,0.6494635
961,0.9643774
962,0.51605046
963,0.99274606
964,0.8722101
965,0.143741
966,0.13073057
967,0.027199183
968,0.04071785
969,0.99504024
970,0.9733064
971,0.05733008
972,0.8677636
973,0.07147277
974,0.73422545
975,0.114209555
976,0.8105152
977,0.027510121
978,0.20432751
979,0.06800575
980,0.31907406
981,0.89825284
982,0.105431095
983,0.005574168
984,0.0055930796
985,0.4029308
986,0.8058476
987,0.7546997
988,0.020261208
989,0.4557487
990,0.576428
991,0.97029907
992,0.28424624
993,0.5239117
994,0.056360062
995,0.11860735
996,0.98367345
997,0.032825068
998,0.9974712
999,0.724603
1000,0.7277218
1001,0.01374217
1002,0.01951354
1003,0.3019589
1004,0.07276333
1005,0.055864803
1006,0.94923973
1007,0.004779464
1008,0.13744383
1009,0.03447559
1010,0.009051594
1011,0.048344295
1012,0.013853286
1013,0.7675265
1014,0.09004223
1015,0.46029204
1016,0.29348046
1017,0.48218971
1018,0.9617817
1019,0.21533054
1020,0.27883732
1021,0.18593368
1022,0.25730368
1023,0.93488073
1024,0.9923844
1025,0.14742345
1026,0.089325026
1027,0.84340686
1028,0.7668807
1029,0.9891928
1030,0.9872236
1031,0.79637945
1032,0.15748437
1033,0.1312248
1034,0.10092728
1035,0.2754403
1036,0.9926898
1037,0.97888947
1038,0.032726195
1039,0.1344315
1040,0.82049155
1041,0.9924366
1042,0.9831246
1043,0.8362834
1044,0.005354215
1045,0.0058292486
1046,0.9842471
1047,0.02047679
1048,0.26093632
1049,0.99168956
1050,0.9965295
1051,0.029371686
1052,0.2521006
1053,0.10511394
1054,0.51147735
1055,0.0115408115
1056,0.207491
1057,0.998486
1058,0.019978838
1059,0.10477089
1060,0.058800623
1061,0.04364516
1062,0.7621704
1063,0.9976209
1064,0.005396978
1065,0.7108407
1066,0.12085175
1067,0.13665123
1068,0.018477328
1069,0.35805166
1070,0.9883712
1071,0.9960664
1072,0.9701293
1073,0.8886227
1074,0.79805344
1075,0.9263965
1076,0.10352622
1077,0.92713004
1078,0.97166145
1079,0.96132594
1080,0.08530377
1081,0.58503425
1082,0.0059195035
1083,0.47842652
1084,0.061515268
1085,0.36105788
1086,0.3369289
1087,0.009275272
1088,0.019012842
1089,0.60713726
1090,0.043510772
1091,0.0034823103
1092,0.011397608
1093,0.03201689
1094,0.22635648
1095,0.016524822
1096,0.84830445
1097,0.7332821
1098,0.26218194
1099,0.7694111
1100,0.87123966
1101,0.27422526
1102,0.191286
1103,0.081677705
1104,0.07083622
1105,0.031329192
1106,0.117091835
1107,0.15092388
1108,0.015253061
1109,0.019214472
1110,0.4340672
1111,0.56312186
1112,0.16848107
1113,0.26810896
1114,0.14589886
1115,0.84286934
1116,0.9849229
1117,0.9812903
1118,0.0039531514
1119,0.0031760281
1120,0.995466
1121,0.98341525
1122,0.97726154
1123,0.88745624
1124,0.8547828
1125,0.4667946
1126,0.019247945
1127,0.061772525
1128,0.90470856
1129,0.030668482
1130,0.32166937
1131,0.29876217
1132,0.8941789
1133,0.013794086
1134,0.068914905
1135,0.041360665
1136,0.073927015
1137,0.60459894
1138,0.84340686
1139,0.21978126
1140,0.80339706
1141,0.84819484
1142,0.99230313
1143,0.9941427
1144,0.9889781
1145,0.50870967
1146,0.024812002
1147,0.022764567
1148,0.06486414
1149,0.45145494
1150,0.5220256
1151,0.9885926
1152,0.109668195
1153,0.068606034
1154,0.12690365
1155,0.92215085
1156,0.030336214
1157,0.32181296
1158,0.30605173
1159,0.4660873
1160,0.9328601
1161,0.8247519
1162,0.47170913
1163,0.97857237
1164,0.12016099
1165,0.012176731
1166,0.8734135
1167,0.82107675
1168,0.82707727
1169,0.9897655
1170,0.89998525
1171,0.9713279
1172,0.5445876
1173,0.0105173
1174,0.0037962873
1175,0.8804451
1176,0.016970078
1177,0.9961694
1178,0.9994785
1179,0.9995839
1180,0.28538468
1181,0.9688495
1182,0.11699192
1183,0.121721365
1184,0.8331604
1185,0.11174835
1186,0.10916698
1187,0.011665412
1188,0.1139281
1189,0.16711476
1190,0.015706355
1191,0.02837231
1192,0.82579136
1193,0.0053439303
1194,0.9961688
1195,0.26394215
1196,0.018373465
1197,0.023310764
1198,0.94350034
1199,0.032692537
1200,0.038526315
1201,0.4098416
1202,0.40021908
1203,0.004012261
1204,0.0040068473
1205,0.0030501862
1206,0.99410987
1207,0.9935514
1208,0.082538724
1209,0.0032733232
1210,0.97003055
1211,0.8826117
1212,0.55483663
1213,0.056712467
1214,0.96262413
1215,0.26535052
1216,0.9939745
1217,0.9373866
1218,0.8225142
1219,0.061509814
1220,0.6179193
1221,0.86221296
1222,0.56767553
1223,0.57453656
1224,0.008049894
1225,0.5007179
1226,0.19161521
1227,0.0048645595
1228,0.9990368
1229,0.997592
1230,0.07131221
1231,0.024597736
1232,0.06986971
1233,0.3206036
1234,0.4643373
1235,0.16675639
1236,0.57818663
1237,0.9005014
1238,0.87190765
1239,0.9461826
1240,0.50446814
1241,0.4321838
1242,0.029074803
1243,0.9831587
1244,0.995093
1245,0.008336169
1246,0.088248655
1247,0.5884536
1248,0.015706355
1249,0.009216361
1250,0.44118932
1251,0.1624496
1252,0.1702753
1253,0.37815413
1254,0.02724888
1255,0.17331576
1256,0.19887851
1257,0.1396312
1258,0.32913876
1259,0.20131043
1260,0.97857237
1261,0.25591636
1262,0.077501744
1263,0.7075517
1264,0.05186864
1265,0.103355475
1266,0.00817327
1267,0.30769628
1268,0.009647233
1269,0.09072793
1270,0.014096877
1271,0.023953728
1272,0.036198996
1273,0.7120764
1274,0.9831581
1275,0.8102344
1276,0.07812115
1277,0.8896094
1278,0.008251396
1279,0.0031213348
1280,0.0030982813
1281,0.0067769242
1282,0.4889699
1283,0.046767008
1284,0.6464949
1285,0.0038128258
1286,0.26365685
1287,0.7331875
1288,0.5146983
1289,0.6681124
1290,0.787456
1291,0.073349096
1292,0.09277662
1293,0.010292245
1294,0.006247233
1295,0.9953815
1296,0.15508895
1297,0.003925571
1298,0.013457078
1299,0.061556436
1300,0.1128003
1301,0.013504125
1302,0.66194177
1303,0.43147525
1304,0.6916496
1305,0.90313053
1306,0.99524766
1307,0.29593503
1308,0.4071762
1309,0.98381156
1310,0.47266304
1311,0.9660624
1312,0.032571085
1313,0.8795998
1314,0.0034273816
1315,0.009487003
1316,0.11060461
1317,0.9328601
1318,0.9195239
1319,0.24322279
1320,0.0036713127
1321,0.017874679
1322,0.3404087
1323,0.0041761794
1324,0.07398709
1325,0.5839296
1326,0.08655822
1327,0.18467757
1328,0.16914536
1329,0.9348182
1330,0.009740271
1331,0.4667946
1332,0.0033410438
1333,0.33415806
1334,0.094356604
1335,0.03530612
1336,0.021445697
1337,0.49985033
1338,0.026925998
1339,0.7449467
1340,0.045519136
1341,0.80273277
1342,0.76456606
1343,0.017450972
1344,0.99163985
1345,0.023795886
1346,0.7347105
1347,0.05752848
1348,0.13000232
1349,0.9480095
1350,0.011444424
1351,0.03229585
1352,0.979765
1353,0.04156361
1354,0.884482
1355,0.9816989
1356,0.9855284
1357,0.060570862
1358,0.108339556
1359,0.91130686
1360,0.9495941
1361,0.9692593
1362,0.28475654
1363,0.4666589
1364,0.94835675
1365,0.7276871
1366,0.8390459
1367,0.022066977
1368,0.44433287
1369,0.21348055
1370,0.22925735
1371,0.24233113
1372,0.21292841
1373,0.13363327
1374,0.42262715
1375,0.0048757484
1376,0.22660527
1377,0.86818445
1378,0.8681845
1379,0.02937388
1380,0.7016158
1381,0.73555803
1382,0.86015904
1383,0.4245281
1384,0.33528796
1385,0.32640928
1386,0.005582688
1387,0.0034517564
1388,0.31197459
1389,0.48894098
1390,0.7349392
1391,0.6250975
1392,0.16055062
1393,0.6923672
1394,0.4966056
1395,0.006507901
1396,0.01226964
1397,0.13525096
1398,0.021821553
1399,0.0070764176
1400,0.017363919
1401,0.9967435
1402,0.77176565
1403,0.0061492603
1404,0.99760866
1405,0.0058154697
1406,0.30974078
1407,0.26952884
1408,0.25787663
1409,0.32836518
1410,0.72560465
1411,0.9993856
1412,0.99753356
1413,0.16338903
1414,0.45904
1415,0.14574367
1416,0.004833998
1417,0.011998134
1418,0.027602645
1419,0.021022458
1420,0.030005762
1421,0.03786801
1422,0.07338756
1423,0.17301624
1424,0.48070928
1425,0.9565412
1426,0.12415669
1427,0.93462884
1428,0.5092693
1429,0.15089282
1430,0.45996416
1431,0.0055957166
1432,0.006152788
1433,0.0064506084
1434,0.25883567
1435,0.89299655
1436,0.96981364
1437,0.87733346
1438,0.09246858
1439,0.8972806
1440,0.44221136
1441,0.045938857
1442,0.97778237
1443,0.96615845
1444,0.98109907
1445,0.08565765
1446,0.11146251
1447,0.003068744
1448,0.018290408
1449,0.64206296
1450,0.02115726
1451,0.0051360014
1452,0.4148825
1453,0.7709338
1454,0.09296247
1455,0.98128337
1456,0.9400586
1457,0.36625642
1458,0.9120206
1459,0.9285507
1460,0.18310991
1461,0.90129495
1462,0.4658652
1463,0.8456215
1464,0.017368948
1465,0.026335191
1466,0.74820566
1467,0.059553526
1468,0.0067191664
1469,0.08515659
1470,0.3295109
1471,0.70558745
1472,0.9492578
1473,0.009312261
1474,0.0439913
1475,0.15008916
1476,0.9975147
1477,0.99672
1478,0.93903065
1479,0.28218305
1480,0.79418653
1481,0.87017304
1482,0.8694723
1483,0.9329114
1484,0.91756994
1485,0.90883124
1486,0.4545511
1487,0.8962156
1488,0.054784283
1489,0.032671098
1490,0.1942876
1491,0.09047112
1492,0.38122174
1493,0.06779547
1494,0.0031041086
1495,0.10782165
1496,0.005024601
1497,0.32051235
1498,0.9735396
1499,0.045014244
1500,0.8784906
1501,0.49759042
1502,0.8836166
1503,0.61852336
1504,0.09814173
1505,0.8986187
1506,0.18079965
1507,0.6869318
1508,0.85430604
1509,0.8946234
1510,0.8504966
1511,0.69818527
1512,0.6700458
1513,0.04758988
1514,0.47119313
1515,0.5980379
1516,0.07854959
1517,0.019866282
1518,0.038124185
1519,0.016691003
1520,0.043222737
1521,0.039660435
1522,0.10483051
1523,0.024487633
1524,0.61754435
1525,0.08752485
1526,0.39906025
1527,0.5342339
1528,0.693948
1529,0.11852318
1530,0.28953004
1531,0.9667349
1532,0.4853657
1533,0.116634436
1534,0.94831365
1535,0.7586713
1536,0.05321053
1537,0.02087218
1538,0.15133572
1539,0.92547446
1540,0.931589
1541,0.25455347
1542,0.88890356
1543,0.97891986
1544,0.8351267
1545,0.4123095
1546,0.328272
1547,0.5618101
1548,0.9261914
1549,0.9875038
1550,0.9785043
1551,0.004441703
1552,0.028134944
1553,0.038977053
1554,0.084020995
1555,0.06576705
1556,0.085777864
1557,0.5625059
1558,0.63687557
1559,0.16369215
1560,0.57346284
1561,0.974175
1562,0.0061591854
1563,0.7651304
1564,0.83298814
1565,0.63950837
1566,0.03114384
1567,0.031701
1568,0.95704633
1569,0.053140387
1570,0.74691314
1571,0.22814119
1572,0.77334183
1573,0.31426713
1574,0.1258061
1575,0.02985793
1576,0.0073926044
1577,0.0077708014
1578,0.12776722
1579,0.0683881
1580,0.8951624
1581,0.51353884
1582,0.4208839
1583,0.4077282
1584,0.61912596
1585,0.17594676
1586,0.049857017
1587,0.9885046
1588,0.18489167
1589,0.025616294
1590,0.06384383
1591,0.20285858
1592,0.24391218
1593,0.487965
1594,0.08247804
1595,0.48731425
1596,0.14685404
1597,0.25368598
1598,0.5741421
1599,0.75103176
1600,0.09680604
1601,0.5521164
1602,0.20767045
1603,0.07550286
1604,0.13038632
1605,0.78876394
1606,0.76633704
1607,0.0059845555
1608,0.110431336
1609,0.94011134
1610,0.11115049
1611,0.7494168
1612,0.8630443
1613,0.7804134
1614,0.78041345
1615,0.850479
1616,0.6543595
1617,0.76777697
1618,0.8074057
1619,0.40948468
1620,0.6615724
1621,0.8259348
1622,0.91799015
1623,0.045334168
1624,0.5720841
1625,0.10968835
1626,0.8107042
1627,0.053774156
1628,0.021630278
1629,0.07639698
1630,0.3509691
1631,0.77903813
1632,0.879656
1633,0.90918684
1634,0.7047332
1635,0.8654481
1636,0.829211
1637,0.966852
1638,0.8739966
1639,0.4341234
1640,0.62314016
1641,0.013194953
1642,0.3925538
1643,0.3953457
1644,0.19715033
1645,0.2818568
1646,0.01984979
1647,0.08446942
1648,0.98913354
1649,0.98913354
1650,0.9885932
1651,0.7190569
1652,0.024812002
1653,0.08540785
1654,0.040067337
1655,0.051236037
1656,0.19543742
1657,0.99399793
1658,0.99468577
1659,0.32787576
1660,0.88834405
1661,0.068510644
1662,0.14952905
1663,0.07228175
1664,0.014132808
1665,0.011224528
1666,0.075728446
1667,0.26038462
1668,0.14593339
1669,0.07452362
1670,0.024879228
1671,0.86776346
1672,0.12616818
1673,0.010849637
1674,0.005031736
1675,0.048913162
1676,0.16363257
1677,0.39522782
1678,0.03472072
1679,0.0050637876
1680,0.020819465
1681,0.024324311
1682,0.9918032
1683,0.015298824
1684,0.00781377
1685,0.020083478
1686,0.003931225
1687,0.02751507
1688,0.026479896
1689,0.14484999
1690,0.47358492
1691,0.10448941
1692,0.02682381
1693,0.014453964
1694,0.0064486032
1695,0.6518414
1696,0.9206495
1697,0.8122008
1698,0.04675028
1699,0.03378009
1700,0.05735567
1701,0.724603
1702,0.6697931
1703,0.9666908
1704,0.72725713
1705,0.6371381
1706,0.668093
1707,0.25297248
1708,0.28361923
1709,0.8085091
1710,0.01048079
1711,0.4010167
1712,0.84243745
1713,0.99082434
1714,0.4954392
1715,0.88142437
1716,0.67892253
1717,0.55724823
1718,0.4340583
1719,0.29997236
1720,0.3588896
1721,0.5581077
1722,0.026204739
1723,0.057956398
1724,0.011529878
1725,0.5274195
1726,0.9267633
1727,0.7942489
1728,0.70834637
1729,0.7604327
1730,0.75429565
1731,0.32261518
1732,0.406553
1733,0.3905245
1734,0.07371763
1735,0.03706649
1736,0.024241138
1737,0.014517673
1738,0.08712356
1739,0.029898612
1740,0.014291281
1741,0.008061163
1742,0.0035553596
1743,0.024750592
1744,0.0805349
1745,0.09788682
1746,0.2884399
1747,0.0032442578
1748,0.8427669
1749,0.82316196
1750,0.7861178
1751,0.39846638
1752,0.27401078
1753,0.31772658
1754,0.5392658
1755,0.63300836
1756,0.006504531
1757,0.636234
1758,0.6433791
1759,0.8896692
1760,0.01640158
1761,0.009210793
1762,0.0077078696
1763,0.011722217
1764,0.049077664
1765,0.006528663
1766,0.0052827722
1767,0.99900645
1768,0.74442554
1769,0.0054370263
1770,0.85909104
1771,0.87897575
1772,0.42711544
1773,0.98133147
1774,0.09934244
1775,0.7652208
1776,0.78302836
1777,0.076820076
1778,0.16259728
1779,0.18853694
1780,0.023437357
1781,0.118771784
1782,0.94719994
1783,0.88911897
1784,0.5437681
1785,0.73410773
1786,0.3721024
1787,0.0067038955
1788,0.009502134
1789,0.4227431
1790,0.48184055
1791,0.2671236
1792,0.76082844
1793,0.11980404
1794,0.9871925
1795,0.7956414
1796,0.10109486
1797,0.06517166
1798,0.013305527
1799,0.0029500155
1800,0.014189452
1801,0.9961688
1802,0.99520123
1803,0.99230313
1804,0.9941427
1805,0.28822953
1806,0.10747649
1807,0.0053775855
1808,0.966364
1809,0.9991703
1810,0.009358458
1811,0.004613346
1812,0.0041775755
1813,0.003910941
1814,0.005731453
1815,0.9895983
1816,0.24915186
1817,0.0037886132
1818,0.0042923265
1819,0.69296527
1820,0.9958325
1821,0.004868224
1822,0.044756677
1823,0.20799243
1824,0.6332635
1825,0.9201092
1826,0.80357283
1827,0.7347106
1828,0.105431095
1829,0.0072651263
1830,0.13233724
1831,0.1992954
1832,0.09848536
1833,0.038636953
1834,0.010073497
1835,0.014808673
1836,0.5474162
1837,0.1476282
1838,0.8921106
1839,0.64180803
1840,0.93398255
1841,0.764404
1842,0.6393852
1843,0.93157125
1844,0.78995055
1845,0.34300476
1846,0.014818242
1847,0.13326608
1848,0.015368228
1849,0.010133487
1850,0.02557919
1851,0.024695834
1852,0.14229682
1853,0.08981929
1854,0.14960572
1855,0.43356842
1856,0.034724202
1857,0.43718803
1858,0.06745719
1859,0.11331426
1860,0.9178253
1861,0.026904698
1862,0.93493414
1863,0.6634989
1864,0.6456669
1865,0.5053663
1866,0.06918556
1867,0.062292382
1868,0.9846726
1869,0.9461186
1870,0.025368847
1871,0.45320612
1872,0.04559947
1873,0.033959076
1874,0.32261515
1875,0.7367139
1876,0.51853275
1877,0.57715434
1878,0.06067606
1879,0.01600353
1880,0.55602866
1881,0.91081905
1882,0.9204647
1883,0.8684545
1884,0.2908937
1885,0.25601524
1886,0.14096
1887,0.05909159
1888,0.9926898
1889,0.83436275
1890,0.992725
1891,0.823372
1892,0.96615845
1893,0.14756852
1894,0.016721575
1895,0.14813767
1896,0.053883594
1897,0.05388362
1898,0.012151211
1899,0.08536413
1900,0.32456568
1901,0.4816564
1902,0.9125127
1903,0.23474051
1904,0.77427226
1905,0.33402112
1906,0.7577064
1907,0.6988396
1908,0.94660425
1909,0.87283874
1910,0.94151556
1911,0.027743103
1912,0.40456307
1913,0.6109741
1914,0.2744925
1915,0.21457818
1916,0.89681685
1917,0.72928476
1918,0.2599268
1919,0.96632874
1920,0.9230918
1921,0.9014283
1922,0.9053868
1923,0.004923688
1924,0.012753884
1925,0.087377205
1926,0.01130038
1927,0.87137276
1928,0.59551626
1929,0.8633512
1930,0.26479772
1931,0.88496745
1932,0.75631785
1933,0.80790216
1934,0.56593627
1935,0.8611326
1936,0.65484214
1937,0.46991897
1938,0.96776086
1939,0.875799
1940,0.9671372
1941,0.020266231
1942,0.19398868
1943,0.6516006
1944,0.50404805
1945,0.018905899
1946,0.9634954
1947,0.28546327
1948,0.98549473
1949,0.0063488265
1950,0.006893407
1951,0.98900896
1952,0.43733987
1953,0.0049178717
1954,0.9206441
1955,0.96244156
1956,0.017751452
1957,0.9363316
1958,0.97517234
1959,0.048281513
1960,0.49757665
1961,0.11351887
1962,0.21287288
1963,0.9508619
1964,0.8385333
1965,0.9407291
1966,0.8546253
1967,0.019479103
1968,0.9989097
1969,0.21851939
1970,0.13647097
1971,0.9744914
1972,0.98082983
1973,0.57089686
1974,0.43786106
1975,0.99030495
1976,0.8468422
1977,0.010845553
1978,0.010668393
1979,0.77867395
1980,0.0033233422
1981,0.49506634
1982,0.05566748
1983,0.02222749
1984,0.64650106
1985,0.030248249
1986,0.048344318
1987,0.1441992
1988,0.96793926
1989,0.97909844
1990,0.94077545
1991,0.75254637
1992,0.5332191
1993,0.06578919
1994,0.89382017
1995,0.5053908
1996,0.63708454
1997,0.015212804
1998,0.02648024
1999,0.16324006
2000,0.0049508484
2001,0.30762404
2002,0.57986253
2003,0.0035541148
2004,0.32460776
2005,0.9998573
2006,0.01512763
2007,0.53417987
2008,0.14707221
2009,0.5386711
2010,0.19450389
2011,0.13196972
2012,0.56784075
2013,0.046288267
2014,0.9315002
2015,0.97636956
2016,0.7524657
2017,0.7086055
2018,0.8548443
2019,0.3961384
2020,0.7346424
2021,0.7853367
2022,0.35200107
2023,0.894434
2024,0.94798076
2025,0.98101026
2026,0.65630424
2027,0.7298225
2028,0.0053632963
2029,0.019028643
2030,0.04109992
2031,0.30443656
2032,0.3105153
2033,0.7602859
2034,0.13620526
2035,0.0042811246
2036,0.0102941785
2037,0.12574358
2038,0.007480719
2039,0.43344158
2040,0.98726976
2041,0.009199682
2042,0.38030404
2043,0.015086146
2044,0.38577008
2045,0.38027108
2046,0.003992282
2047,0.0034640932
2048,0.16114643
2049,0.19495991
2050,0.051648896
2051,0.024271877
2052,0.030375004
2053,0.03699385
2054,0.9767198
2055,0.0737176
2056,0.07058671
2057,0.43244198
2058,0.66023076
2059,0.07383675
2060,0.028243756
2061,0.7849567
2062,0.02244553
2063,0.9034082
2064,0.00396043
2065,0.90359235
2066,0.9042307
2067,0.96506774
2068,0.28609154
2069,0.032571085
2070,0.32270736
2071,0.03193223
2072,0.11956656
2073,0.43748587
2074,0.13287771
2075,0.021168577
2076,0.92167646
2077,0.99241865
2078,0.99331266
2079,0.07198764
2080,0.98381156
2081,0.99366105
2082,0.017969381
2083,0.024759267
2084,0.07536529
2085,0.4967038
2086,0.4328571
2087,0.39919385
2088,0.18883882
2089,0.6428399
2090,0.50415045
2091,0.19846837
2092,0.027324107
2093,0.23565899
2094,0.3017488
2095,0.08282005
2096,0.035523083
2097,0.029312637
2098,0.1147457
2099,0.07739548
2100,0.29657006
2101,0.9599228
2102,0.95284444
2103,0.5093545
2104,0.99366105
2105,0.9968545
2106,0.10740314
2107,0.05381716
2108,0.066165015
2109,0.3102013
2110,0.44489864
2111,0.005911949
2112,0.8235657
2113,0.6728115
2114,0.2389112
2115,0.024896488
2116,0.017649092
2117,0.8320868
2118,0.0077282735
2119,0.010656562
2120,0.07909208
2121,0.008363697
2122,0.0110763125
2123,0.015300081
2124,0.568615
2125,0.955581
2126,0.98573095
2127,0.15097561
2128,0.0103883445
2129,0.028578827
2130,0.5878526
2131,0.040261406
2132,0.05542138
2133,0.07216831
2134,0.86721706
2135,0.24187672
2136,0.024093177
2137,0.17640239
2138,0.0044430275
2139,0.14374427
2140,0.050807368
2141,0.11622583
2142,0.14492756
2143,0.23614353
2144,0.38008457
2145,0.03504726
2146,0.09569521
2147,0.039617043
2148,0.4436845
2149,0.17160693
2150,0.8090209
2151,0.527724
2152,0.9139867
2153,0.16944498
2154,0.052446835
2155,0.09813404
2156,0.7397538
2157,0.2373737
2158,0.27421704
2159,0.33912998
2160,0.4295716
2161,0.6174015
2162,0.059718534
2163,0.106824405
2164,0.1658355
2165,0.55403775
2166,0.43799064
2167,0.29558226
2168,0.6627279
2169,0.62801605
2170,0.0065468745
2171,0.007255693
2172,0.15208668
2173,0.19642636
2174,0.8153256
2175,0.7996783
2176,0.53400254
2177,0.13033794
2178,0.11028939
2179,0.60895526
2180,0.7438728
2181,0.05057379
2182,0.9378283
2183,0.81805646
2184,0.6814394
2185,0.7661385
2186,0.023666313
2187,0.061772525
2188,0.011353624
2189,0.17522195
2190,0.9589703
2191,0.9626205
2192,0.84340686
2193,0.08758723
2194,0.01558176
2195,0.016127499
2196,0.88032675
2197,0.15740559
2198,0.9854747
2199,0.77950704
2200,0.97350603
2201,0.9896423
2202,0.9897216
2203,0.04559948
2204,0.9278327
2205,0.89104503
2206,0.22978848
2207,0.58024657
2208,0.1567103
2209,0.025533138
2210,0.89191616
2211,0.04106592
2212,0.040231355
2213,0.95704633
2214,0.95705706
2215,0.9801363
2216,0.30837318
2217,0.9941427
2218,0.36456802
2219,0.42536578
2220,0.73797137
2221,0.17440885
2222,0.01606262
2223,0.84340686
2224,0.03380229
2225,0.017609924
2226,0.5769161
2227,0.076638475
2228,0.7712325
2229,0.91800445
2230,0.8501347
2231,0.409642
2232,0.31480354
2233,0.2142825
2234,0.032226216
2235,0.030232362
2236,0.004737379
2237,0.0281822
2238,0.6528264
2239,0.95288837
2240,0.49058953
2241,0.8363669
2242,0.75068086
2243,0.009216361
2244,0.92665774
2245,0.5824174
2246,0.010344844
2247,0.015672024
2248,0.87358576
2249,0.048145905
2250,0.09803319
2251,0.9678398
2252,0.007769927
2253,0.6805951
2254,0.53305244
2255,0.48084742
2256,0.38791275
2257,0.0039596157
2258,0.07034295
2259,0.006730718
2260,0.2695288
2261,0.049900856
2262,0.027038688
2263,0.02964303
2264,0.07079647
2265,0.891768
2266,0.90119326
2267,0.46060202
2268,0.58006227
2269,0.83670944
2270,0.22504531
2271,0.66982853
2272,0.34641254
2273,0.06071406
2274,0.73905015
2275,0.8068277
2276,0.8142599
2277,0.96494985
2278,0.28641972
2279,0.4643414
2280,0.43177775
2281,0.009374218
2282,0.40772828
2283,0.29505885
2284,0.08141273
2285,0.99112844
2286,0.96369594
2287,0.32929572
2288,0.01095534
2289,0.01951353
2290,0.49251413
2291,0.52906984
2292,0.8233721
2293,0.3802705
2294,0.8135401
2295,0.00396224
2296,0.0066971444
2297,0.09546811
2298,0.2894308
2299,0.027293188
2300,0.16148943
2301,0.3576122
2302,0.4495663
2303,0.0036708224
2304,0.0056408495
2305,0.006379401
2306,0.7791817
2307,0.53494114
2308,0.7748391
2309,0.0064207185
2310,0.74795556
2311,0.04357427
2312,0.003151595
2313,0.008530079
2314,0.009637548
2315,0.09868934
2316,0.8111667
2317,0.8722607
2318,0.90299726
2319,0.8600778
2320,0.7409524
2321,0.90707767
2322,0.55526125
2323,0.0054589952
2324,0.016196739
2325,0.7906811
2326,0.3166139
2327,0.9374594
2328,0.9000835
2329,0.33198285
2330,0.7551106
2331,0.73555803
2332,0.898167
2333,0.9139068
2334,0.3551904
2335,0.039462514
2336,0.07765878
2337,0.98293823
2338,0.56605494
2339,0.9478828
2340,0.31120268
2341,0.77403665
2342,0.22540979
2343,0.9966698
2344,0.015697997
2345,0.7539061
2346,0.9996848
2347,0.052391022
2348,0.006835893
2349,0.078353785
2350,0.0152128115
2351,0.7612464
2352,0.9979511
2353,0.18450569
2354,0.9956494
2355,0.9190316
2356,0.6417755
2357,0.16216569
2358,0.16216569
2359,0.65708196
2360,0.96960866
2361,0.91759473
2362,0.006557499
2363,0.47403678
2364,0.0058822674
2365,0.007815519
2366,0.021591114
2367,0.68663955
2368,0.12767968
2369,0.11294916
2370,0.0439913
2371,0.03417035
2372,0.8527604
2373,0.9719035
2374,0.37189925
2375,0.010092155
2376,0.97466964
2377,0.43943736
2378,0.009114003
2379,0.40591395
2380,0.8727393
2381,0.0150908185
2382,0.012840796
2383,0.70400465
2384,0.5016841
2385,0.09535243
2386,0.5805926
2387,0.99460983
2388,0.56235266
2389,0.24949245
2390,0.97338337
2391,0.9660631
2392,0.09751903
2393,0.11279803
2394,0.44349778
2395,0.4667946
2396,0.14250201
2397,0.1642741
2398,0.3431459
2399,0.9765331
2400,0.9820362
2401,0.9846746
2402,0.38521796
2403,0.9199713
2404,0.006321469
2405,0.0033928438
2406,0.013537865
2407,0.10368959
2408,0.98214805
2409,0.97922635
2410,0.025594346
2411,0.96233284
2412,0.053406786
2413,0.9750826
2414,0.9841351
2415,0.9224496
2416,0.9604365
2417,0.0035242992
2418,0.32138494
2419,0.42711544
2420,0.9951485
2421,0.84310925
2422,0.5639286
2423,0.0057239663
2424,0.94630665
2425,0.12524927
2426,0.46715197
2427,0.5827043
2428,0.6346256
2429,0.6175672
2430,0.23283833
2431,0.9994373
2432,0.999556
2433,0.10832185
2434,0.9981713
2435,0.45364758
2436,0.14427826
2437,0.012397013
2438,0.18662599
2439,0.9004059
2440,0.050224565
2441,0.93475604
2442,0.08792422
2443,0.0056516863
2444,0.5828363
2445,0.6499371
2446,0.020545267
2447,0.031738415
2448,0.8789279
2449,0.9010593
2450,0.80580455
2451,0.83140993
2452,0.77076334
2453,0.8601331
2454,0.1234735
2455,0.14075434
2456,0.078882255
2457,0.14919423
2458,0.08853497
2459,0.029050404
2460,0.32481188
2461,0.5153012
2462,0.75677484
2463,0.010197713
2464,0.14713013
2465,0.9400586
2466,0.32594806
2467,0.5536491
2468,0.8484044
2469,0.62614405
2470,0.74461555
2471,0.052443758
2472,0.017833984
2473,0.88812
2474,0.69312495
2475,0.83091277
2476,0.8645479
2477,0.70670736
2478,0.81250703
2479,0.014935007
2480,0.7272897
2481,0.7643059
2482,0.6590784
2483,0.83532506
2484,0.9733836
2485,0.7329528
2486,0.7722337
2487,0.4917831
2488,0.6821181
2489,0.73421323
2490,0.9041411
2491,0.8941032
2492,0.85580766
2493,0.41929922
2494,0.13368855
2495,0.4997512
2496,0.7337639
2497,0.86985195
2498,0.73360157
2499,0.2690144
2500,0.13354556
2501,0.6096992
2502,0.011419841
2503,0.6464817
2504,0.062314875
2505,0.9306688
2506,0.7627828
2507,0.96932864
2508,0.98699784
2509,0.93688357
2510,0.9741107
2511,0.9734668
2512,0.9755847
2513,0.009452786
2514,0.013328941
2515,0.20435923
2516,0.15662706
2517,0.14813767
2518,0.022085074
2519,0.023943579
2520,0.03118219
2521,0.013419761
2522,0.02140472
2523,0.003787483
2524,0.73199755
2525,0.7494168
2526,0.8063147
2527,0.7607174
2528,0.7549419
2529,0.12073066
2530,0.14298747
2531,0.14799331
2532,0.12841442
2533,0.1604939
2534,0.06600798
2535,0.8761023
2536,0.93114364
2537,0.23973523
2538,0.109609544
2539,0.40523258
2540,0.89711374
2541,0.7936278
2542,0.06999794
2543,0.165935
2544,0.021543616
2545,0.5501981
2546,0.61937606
2547,0.30965886
2548,0.7516793
2549,0.6371727
2550,0.8956333
2551,0.97705543
2552,0.7711676
2553,0.7178503
2554,0.31601906
2555,0.11670113
2556,0.34834522
2557,0.8805342
2558,0.0056639
2559,0.9047797
2560,0.021510491
2561,0.008128541
2562,0.032671098
2563,0.010493978
2564,0.6586904
2565,0.35709405
2566,0.57986253
2567,0.03558466
2568,0.04583805
2569,0.6538517
2570,0.8230234
2571,0.66665757
2572,0.78878117
2573,0.6999695
2574,0.20771436
2575,0.7916557
2576,0.3194928
2577,0.9459947
2578,0.9753313
2579,0.5089528
2580,0.1230394
2581,0.055997778
2582,0.0028399574
2583,0.99970156
2584,0.9997036
2585,0.6720525
2586,0.015806653
2587,0.44472724
2588,0.9738392
2589,0.9733987
2590,0.062479064
2591,0.059709664
2592,0.084679365
2593,0.043957382
2594,0.8707785
2595,0.9615751
2596,0.9182037
2597,0.021787496
2598,0.25239176
2599,0.9197302
2600,0.12991068
2601,0.13718773
2602,0.011854069
2603,0.072609276
2604,0.1891186
2605,0.13434877
2606,0.5194282
2607,0.03448985
2608,0.028105205
2609,0.27314422
2610,0.005390276
2611,0.012879531
2612,0.7936193
2613,0.04150535
2614,0.27482417
2615,0.84340686
2616,0.06575571
2617,0.5229717
2618,0.19764733
2619,0.6627698
2620,0.91314685
2621,0.08069516
2622,0.49741867
2623,0.3785114
2624,0.010616508
2625,0.63944143
2626,0.19061632
2627,0.9529242
2628,0.31164
2629,0.22952983
2630,0.19852886
2631,0.19750032
2632,0.15299582
2633,0.19778569
2634,0.79877007
2635,0.020696877
2636,0.06569334
2637,0.9972518
2638,0.9430378
2639,0.022388967
2640,0.04472073
2641,0.031881366
2642,0.010170109
2643,0.11527188
2644,0.04917659
2645,0.009723263
2646,0.40228164
2647,0.18207763
2648,0.5117619
2649,0.19598629
2650,0.11531298
2651,0.12100288
2652,0.013900001
2653,0.008712089
2654,0.29621258
2655,0.97008723
2656,0.7710578
2657,0.010133267
2658,0.6247765
2659,0.6641444
2660,0.2813066
2661,0.8080072
2662,0.98222774
2663,0.9940739
2664,0.98145735
2665,0.9528135
2666,0.024642214
2667,0.89681685
2668,0.014815815
2669,0.80549264
2670,0.021543616
2671,0.019337608
2672,0.88128394
2673,0.49181476
2674,0.87802345
2675,0.86944455
2676,0.9184958
2677,0.16935119
2678,0.18320832
2679,0.1662314
2680,0.76425016
2681,0.0068928087
2682,0.0077138823
2683,0.078319944
2684,0.9908422
2685,0.007567759
2686,0.011879126
2687,0.005439711
2688,0.9795816
2689,0.145318
2690,0.9967601
2691,0.06306079
2692,0.06300653
2693,0.7968982
2694,0.7117439
2695,0.9895983
2696,0.9820925
2697,0.9732274
2698,0.007008626
2699,0.2985672
2700,0.013792893
2701,0.7907892
2702,0.07851469
2703,0.04777501
2704,0.67456937
2705,0.6670683
2706,0.27380425
2707,0.008442333
2708,0.7494168
2709,0.3994825
2710,0.0067250244
2711,0.010741141
2712,0.011819185
2713,0.057011493
2714,0.103422835
2715,0.97722274
2716,0.0048141666
2717,0.9441269
2718,0.8872179
2719,0.9362254
2720,0.8151222
2721,0.16535388
2722,0.8426473
2723,0.34244925
2724,0.21259467
2725,0.97995716
2726,0.8990559
2727,0.79512405
2728,0.90622985
2729,0.6132379
2730,0.003826568
2731,0.880411
2732,0.82357854
2733,0.9712532
2734,0.03531335
2735,0.7136906
2736,0.75506234
2737,0.9816042
2738,0.9883797
2739,0.9189497
2740,0.6121598
2741,0.005258163
2742,0.088708244
2743,0.8011517
2744,0.94093966
2745,0.652083
2746,0.87292695
2747,0.13304296
2748,0.1110014
2749,0.05667075
2750,0.013929488
2751,0.010794186
2752,0.0040392056
2753,0.007955625
2754,0.046559986
2755,0.0056954445
2756,0.97811353
2757,0.006499079
2758,0.0054928237
2759,0.029484114
2760,0.014078604
2761,0.8479251
2762,0.5852152
2763,0.7720657
2764,0.6361516
2765,0.89681685
2766,0.78533983
2767,0.08628935
2768,0.012152984
2769,0.011722217
2770,0.48098913
2771,0.96222025
2772,0.62470263
2773,0.6655122
2774,0.5668614
2775,0.06306079
2776,0.44481668
2777,0.42203733
2778,0.21251862
2779,0.39540246
2780,0.8053354
2781,0.43849096
2782,0.086280435
2783,0.04681187
2784,0.05855488
2785,0.5965066
2786,0.5611492
2787,0.27047715
2788,0.0391213
2789,0.104956016
2790,0.012237522
2791,0.30644438
2792,0.036708195
2793,0.014823548
2794,0.0061952323
2795,0.008530003
2796,0.0063429507
2797,0.108110495
2798,0.011010845
2799,0.09018496
2800,0.030651983
2801,0.03962718
2802,0.41387078
2803,0.020380365
2804,0.8783716
2805,0.95106864
2806,0.95344466
2807,0.0073037012
2808,0.8424616
2809,0.7888698
2810,0.90890306
2811,0.91058105
2812,0.008310896
2813,0.0046168263
2814,0.56256485
2815,0.020934496
2816,0.10768445
2817,0.07561965
2818,0.00937517
2819,0.015735965
2820,0.24938348
2821,0.9748503
2822,0.0136809815
2823,0.9723263
2824,0.6952319
2825,0.031701
2826,0.51270515
2827,0.09344713
2828,0.9034082
2829,0.019337608
2830,0.7218144
2831,0.029371686
2832,0.5803566
2833,0.29189226
2834,0.5813569
2835,0.017954184
2836,0.6450352
2837,0.04157979
2838,0.004654103
2839,0.9429846
2840,0.38868308
2841,0.5536491
2842,0.9758827
2843,0.9880922
2844,0.7375744
2845,0.80837566
2846,0.8309127
2847,0.47196957
2848,0.9079491
2849,0.80872387
2850,0.6813201
2851,0.85277027
2852,0.70708656
2853,0.45521006
2854,0.71696395
2855,0.8435067
2856,0.63160163
2857,0.9134575
2858,0.9344484
2859,0.48856032
2860,0.59353787
2861,0.005975108
2862,0.8707793
2863,0.85695577
2864,0.44533396
2865,0.3661445
2866,0.502408
2867,0.018815605
2868,0.07909208
2869,0.00897175
2870,0.8742246
2871,0.049889352
2872,0.24119224
2873,0.19980857
2874,0.03482701
2875,0.1078349
2876,0.08394577
2877,0.012640788
2878,0.30667347
2879,0.36323225
2880,0.23886195
2881,0.72913533
2882,0.52485865
2883,0.8404169
2884,0.77744836
2885,0.73421323
2886,0.7655682
2887,0.009507584
2888,0.1747498
2889,0.030883847
2890,0.9841384
2891,0.96065474
2892,0.7256765
2893,0.9746585
2894,0.9879396
2895,0.9823745
2896,0.9348643
2897,0.9853557
2898,0.95815593
2899,0.9262918
2900,0.9407257
2901,0.771001
2902,0.9411643
2903,0.90874904
2904,0.86558414
2905,0.34094876
2906,0.20927706
2907,0.0037589513
2908,0.9336151
2909,0.5989557
2910,0.0055782055
2911,0.9830337
2912,0.73553747
2913,0.09344713
2914,0.009605709
2915,0.6414688
2916,0.054443855
2917,0.22885069
2918,0.022562874
2919,0.009437409
2920,0.00757128
2921,0.0045586186
2922,0.010741636
2923,0.95877993
2924,0.11225858
2925,0.16142723
2926,0.25856745
2927,0.24468368
2928,0.004618801
2929,0.3282206
2930,0.8974548
2931,0.24532644
2932,0.8598439
2933,0.19834954
2934,0.33270764
2935,0.93986154
2936,0.02902165
2937,0.98557633
2938,0.25535923
2939,0.5703769
2940,0.056857917
2941,0.9120624
2942,0.6543595
2943,0.0106115565
2944,0.73251396
2945,0.96211505
2946,0.9846884
2947,0.9821876
2948,0.54339194
2949,0.9415702
2950,0.9139867
2951,0.024425633
2952,0.8362081
2953,0.7999426
2954,0.852665
2955,0.5017138
2956,0.54144424
2957,0.956088
2958,0.8579521
2959,0.8635398
2960,0.8893853
2961,0.92295814
2962,0.0037121999
2963,0.0040742783
2964,0.0031740011
2965,0.019241791
2966,0.018205233
2967,0.11870004
2968,0.74513674
2969,0.84591794
2970,0.6601111
2971,0.79841214
2972,0.88010645
2973,0.80553716
2974,0.71008915
2975,0.7807176
2976,0.87754923
2977,0.8575899
2978,0.10968835
2979,0.22814119
2980,0.520151
2981,0.32730225
2982,0.67131466
2983,0.6340989
2984,0.8717745
2985,0.18011834
2986,0.012596295
2987,0.0069382307
2988,0.03686783
2989,0.1243479
2990,0.45657635
2991,0.9998958
2992,0.9962346
2993,0.99953353
2994,0.03461965
2995,0.03461966
2996,0.90815413
2997,0.20722006
2998,0.7992185
2999,0.7523352
3000,0.31540465
3001,0.99133706
3002,0.006339531
3003,0.017167212
3004,0.014231154
3005,0.9989097
3006,0.7368817
3007,0.6078668
3008,0.9733987
3009,0.96594185
3010,0.3625527
3011,0.003912164
3012,0.9863972
3013,0.998486
3014,0.9820925
3015,0.7985865
3016,0.9453526
3017,0.57986253
3018,0.13987808
3019,0.9785073
3020,0.8285655
3021,0.5907599
3022,0.40428942
3023,0.6604579
3024,0.13580826
3025,0.0061355354
3026,0.0081011485
3027,0.0055957166
3028,0.6953575
3029,0.013718366
3030,0.74217397
3031,0.697793
3032,0.011004994
3033,0.0062487433
3034,0.0054091597
3035,0.5722778
3036,0.48055047
3037,0.046501223
3038,0.519363
3039,0.72656584
3040,0.13752805
3041,0.94266593
3042,0.49860695
3043,0.9186227
3044,0.13705586
3045,0.1296701
3046,0.6879921
3047,0.6922691
3048,0.029913967
3049,0.64280087
3050,0.823162
3051,0.46509966
3052,0.06154866
3053,0.91203165
3054,0.034922726
3055,0.5737508
3056,0.027976515
3057,0.8694723
3058,0.8974122
3059,0.005710641
3060,0.3142251
3061,0.007952382
3062,0.0041431203
3063,0.47018403
3064,0.08972276
3065,0.9544617
3066,0.0064902892
3067,0.2616174
3068,0.78878117
3069,0.9271779
3070,0.8059531
3071,0.5771389
3072,0.7912561
3073,0.9357065
3074,0.0369278
3075,0.91276085
3076,0.5634756
3077,0.3994825
3078,0.15835759
3079,0.7996622
3080,0.4005906
3081,0.023924889
3082,0.92611325
3083,0.89351517
3084,0.74257934
3085,0.83059055
3086,0.2578451
3087,0.28424627
3088,0.6470791
3089,0.62324506
3090,0.94946676
3091,0.48598453
3092,0.9768584
3093,0.98766124
3094,0.054366697
3095,0.08630665
3096,0.5599161
3097,0.9649001
3098,0.029074803
3099,0.9978096
3100,0.653839
3101,0.06575573
3102,0.39935437
3103,0.9990344
3104,0.0040493947
3105,0.9736752
3106,0.01257591
3107,0.23002422
3108,0.12309188
3109,0.502385
3110,0.07758655
3111,0.0064667948
3112,0.73461443
3113,0.3418532
3114,0.064694144
3115,0.9362477
3116,0.004091688
3117,0.106669545
3118,0.027428273
3119,0.014148289
3120,0.028067933
3121,0.27651376
3122,0.08321182
3123,0.053228017
3124,0.7390058
3125,0.33207965
3126,0.12898892
3127,0.12721868
3128,0.047650196
3129,0.6940137
3130,0.7754085
3131,0.99854773
3132,0.18864371
3133,0.054687437
3134,0.41694847
3135,0.8795764
3136,0.2593975
3137,0.8326466
3138,0.0058496473
3139,0.01811576
3140,0.8864622
3141,0.005551812
3142,0.9442487
3143,0.14115366
3144,0.0247934
3145,0.6572573
3146,0.6506369
3147,0.69655174
3148,0.008926322
3149,0.004340488
3150,0.026330885
3151,0.026233518
3152,0.7634633
3153,0.83060986
3154,0.93194115
3155,0.9875431
3156,0.41057125
3157,0.99972254
3158,0.0030700266
3159,0.012671981
3160,0.7998241
3161,0.8005407
3162,0.6842134
3163,0.25244987
3164,0.5906168
3165,0.47396424
3166,0.014771509
3167,0.019214472
3168,0.091273434
3169,0.9332608
3170,0.003910228
3171,0.08538227
3172,0.18565111
3173,0.48642322
3174,0.10488061
3175,0.15805037
3176,0.9767198
3177,0.9210723
3178,0.05806631
3179,0.9921441
3180,0.005935085
3181,0.0096673
3182,0.9643436
3183,0.15432765
3184,0.9981713
3185,0.098732635
3186,0.21137074
3187,0.6256872
3188,0.7616438
3189,0.94443214
3190,0.9719819
3191,0.9698234
3192,0.9340629
3193,0.2916788
3194,0.029074803
3195,0.029074803
3196,0.30913925
3197,0.735668
3198,0.029537512
3199,0.07975171
3200,0.9737588
3201,0.007912234
3202,0.0044868253
3203,0.0034438202
3204,0.49754313
3205,0.006229467
3206,0.9961642
3207,0.8964681
3208,0.0071766204
3209,0.012400545
3210,0.9633813
3211,0.0028206245
3212,0.0260055
3213,0.963511
3214,0.09160157
3215,0.9676212
3216,0.80251366
3217,0.008925975
3218,0.13397802
3219,0.008657653
3220,0.11272783
3221,0.029817587
3222,0.122148715
3223,0.5637977
3224,0.8775474
3225,0.80195236
3226,0.9235821
3227,0.89323294
3228,0.8033505
3229,0.14302453
3230,0.68556327
3231,0.74411917
3232,0.7846357
3233,0.36872348
3234,0.6678562
3235,0.9794063
3236,0.60563713
3237,0.9731358
3238,0.34277546
3239,0.05449727
3240,0.9852196
3241,0.51340455
3242,0.006499079
3243,0.8353991
3244,0.918723
3245,0.025988884
3246,0.073587805
3247,0.01923717
3248,0.47026587
3249,0.017033825
3250,0.018682355
3251,0.010610511
3252,0.011444372
3253,0.53589845
3254,0.99366534
3255,0.7956414
3256,0.33136573
3257,0.9656372
3258,0.9936168
3259,0.41323948
3260,0.106045514
3261,0.23166582
3262,0.94371957
3263,0.029895151
3264,0.81918776
3265,0.8317698
3266,0.72648567
3267,0.7643059
3268,0.7722337
3269,0.8351762
3270,0.9118348
3271,0.98422086
3272,0.78805965
3273,0.97866005
3274,0.79467016
3275,0.33389395
3276,0.87967926
3277,0.39624858
3278,0.26191208
3279,0.6780988
3280,0.7138216
3281,0.9824035
3282,0.87439555
3283,0.022899166
3284,0.9444998
3285,0.9769007
3286,0.44349778
3287,0.9624045
3288,0.7822732
3289,0.36055377
3290,0.040897116
3291,0.99877757
3292,0.99878937
3293,0.026290042
3294,0.024812002
3295,0.29925078
3296,0.24390335
3297,0.046989787
3298,0.20989306
3299,0.97857237
3300,0.0062443176
3301,0.0077374964
3302,0.6381791
3303,0.51624024
3304,0.008361478
3305,0.8657922
3306,0.044759084
3307,0.9026494
3308,0.90893203
3309,0.5149068
3310,0.6570214
3311,0.92082864
3312,0.8455354
3313,0.988839
3314,0.002855438
3315,0.9133134
3316,0.06666521
3317,0.39406374
3318,0.88814473
3319,0.57304674
3320,0.8578231
3321,0.04612753
3322,0.007343897
3323,0.7326432
3324,0.8099526
3325,0.3448592
3326,0.87396485
3327,0.8941252
3328,0.9139867
3329,0.8611326
3330,0.91148454
3331,0.93794924
3332,0.9337862
3333,0.18199974
3334,0.7277218
3335,0.29743177
3336,0.002317802
3337,0.47477072
3338,0.22232074
3339,0.06483509
3340,0.49400657
3341,0.00797955
3342,0.29167873
3343,0.43263307
3344,0.07562409
3345,0.98726976
3346,0.70135325
3347,0.9987747
3348,0.0036964235
3349,0.99244714
3350,0.0044056373
3351,0.5589112
3352,0.022116238
3353,0.06992458
3354,0.84397954
3355,0.9565686
3356,0.48184055
3357,0.17905521
3358,0.017393056
3359,0.27358374
3360,0.18114458
3361,0.7445178
3362,0.98941004
3363,0.31571943
3364,0.30521032
3365,0.9182072
3366,0.0046644188
3367,0.9507676
3368,0.88823473
3369,0.41699848
3370,0.032703213
3371,0.11424262
3372,0.056400962
3373,0.8338293
3374,0.4706362
3375,0.02527315
3376,0.26463443
3377,0.23024303
3378,0.0089439545
3379,0.28327358
3380,0.90628856
3381,0.90890306
3382,0.99137807
3383,0.98637927
3384,0.015180028
3385,0.8581356
3386,0.9978744
3387,0.47178116
3388,0.031026065
3389,0.62914467
3390,0.24495514
3391,0.93942684
3392,0.025643196
3393,0.106041566
3394,0.88353276
3395,0.79276097
3396,0.018056797
3397,0.02407248
3398,0.7527705
3399,0.003188678
3400,0.007528321
3401,0.697793
3402,0.3864381
3403,0.13984975
3404,0.17709439
3405,0.9512135
3406,0.9085885
3407,0.91109794
3408,0.8528358
3409,0.76450336
3410,0.8207154
3411,0.4332112
3412,0.024879228
3413,0.014453964
3414,0.9698887
3415,0.0797163
3416,0.6824539
3417,0.95666546
3418,0.79537565
3419,0.015139634
3420,0.004559181
3421,0.28914902
3422,0.58499694
3423,0.7315229
3424,0.74138534
3425,0.17026986
3426,0.77667177
3427,0.0062199417
3428,0.07417601
3429,0.14747964
3430,0.013255732
3431,0.021779327
3432,0.077932455
3433,0.7525611
3434,0.7525611
3435,0.96096087
3436,0.9386223
3437,0.8651389
3438,0.32535902
3439,0.20005277
3440,0.008102076
3441,0.005943069
3442,0.98496836
3443,0.005467796
3444,0.38973537
3445,0.026171505
3446,0.9700677
3447,0.035017677
3448,0.44000486
3449,0.7276871
3450,0.53417987
3451,0.60166276
3452,0.022357916
3453,0.0055879746
3454,0.0062572146
3455,0.004819298
3456,0.013506292
3457,0.0053175497
3458,0.0032597573
3459,0.844763
3460,0.62018526
3461,0.8914411
3462,0.937819
3463,0.8009834
3464,0.70681363
3465,0.004236314
3466,0.015543362
3467,0.6829572
3468,0.6483384
3469,0.5792224
3470,0.3704955
3471,0.23426563
3472,0.43179062
3473,0.7574383
3474,0.12991068
3475,0.5118564
3476,0.012998496
3477,0.013647687
3478,0.035739616
3479,0.007798219
3480,0.8989358
3481,0.1618213
3482,0.01147667
3483,0.020893125
3484,0.35078308
3485,0.70187664
3486,0.2457058
3487,0.01061889
3488,0.025462158
3489,0.40174717
3490,0.012308482
3491,0.701006
3492,0.0161505
3493,0.6561751
3494,0.85526955
3495,0.8384694
3496,0.38231766
3497,0.07343831
3498,0.6371727
3499,0.019241791
3500,0.010492409
3501,0.012602304
3502,0.13250843
3503,0.31825083
3504,0.10961703
3505,0.45020595
3506,0.72648567
3507,0.78413945
3508,0.7667995
3509,0.9698888
3510,0.4802176
3511,0.34244925
3512,0.9793355
3513,0.95518535
3514,0.8824201
3515,0.1438959
3516,0.7974861
3517,0.9277669
3518,0.9277669
3519,0.517292
3520,0.014935007
3521,0.31066912
3522,0.19237034
3523,0.027134826
3524,0.0038861134
3525,0.23233457
3526,0.089046404
3527,0.046910655
3528,0.09960613
3529,0.7156066
3530,0.11612594
3531,0.065657906
3532,0.5929032
3533,0.79518723
3534,0.9822796
3535,0.98656625
3536,0.74093753
3537,0.062331453
3538,0.019939108
3539,0.9793983
3540,0.9702351
3541,0.24521537
3542,0.6141785
3543,0.5771389
3544,0.0086662145
3545,0.10117317
3546,0.72913545
3547,0.93048406
3548,0.90504026
3549,0.0055210222
3550,0.97561306
3551,0.8945548
3552,0.9095097
3553,0.0039797877
3554,0.09848536
3555,0.6191426
3556,0.57197946
3557,0.93157125
3558,0.72322154
3559,0.0875398
3560,0.9983582
3561,0.04611273
3562,0.23220423
3563,0.3202198
3564,0.23987499
3565,0.8683337
3566,0.06424362
3567,0.04566784
3568,0.9684249
3569,0.0066422266
3570,0.009654155
3571,0.89043987
3572,0.89668685
3573,0.107274026
3574,0.07040181
3575,0.4019332
3576,0.8264776
3577,0.89569825
3578,0.014771474
3579,0.07532388
3580,0.9708839
3581,0.116778955
3582,0.0040028687
3583,0.96030116
3584,0.009123551
3585,0.118582234
3586,0.29599306
3587,0.7386458
3588,0.45363924
3589,0.6282029
3590,0.9119534
3591,0.8887737
3592,0.9668376
3593,0.3614079
3594,0.0036919832
3595,0.7515819
3596,0.20435931
3597,0.97737825
3598,0.25663847
3599,0.90741646
3600,0.1635453
3601,0.010369507
3602,0.970819
3603,0.86948377
3604,0.30302018
3605,0.23416343
3606,0.9843647
3607,0.96731156
3608,0.95526534
3609,0.6788749
3610,0.38933128
3611,0.038011692
3612,0.3373135
3613,0.6121328
3614,0.0456112
3615,0.19682352
3616,0.003205843
3617,0.041383974
3618,0.94219786
3619,0.9319474
3620,0.78794414
3621,0.393683
3622,0.072388425
3623,0.15473576
3624,0.34672293
3625,0.99737096
3626,0.92833143
3627,0.4821589
3628,0.09027498
3629,0.0051777135
3630,0.94811195
3631,0.91845924
3632,0.26374
3633,0.5743828
3634,0.28548765
3635,0.81366754
3636,0.114286035
3637,0.7212411
3638,0.95039207
3639,0.1480377
3640,0.59651136
3641,0.3138835
3642,0.0054439907
3643,0.9118348
3644,0.5821502
3645,0.7968982
3646,0.0035922234
3647,0.8196711
3648,0.8234881
3649,0.06409152
3650,0.111365296
3651,0.035103995
3652,0.7956415
3653,0.1550417
3654,0.56784075
3655,0.05401338
3656,0.076857634
3657,0.09522589
3658,0.014691321
3659,0.08636764
3660,0.3268201
3661,0.09749222
3662,0.093200974
3663,0.9414092
3664,0.79776734
3665,0.21046443
3666,0.8619573
3667,0.33992192
3668,0.9758827
3669,0.9210723
3670,0.1049158
3671,0.17092626
3672,0.41249147
3673,0.39466175
3674,0.9234079
3675,0.010159051
3676,0.016262306
3677,0.0974396
3678,0.017281111
3679,0.33116174
3680,0.33251077
3681,0.008138327
3682,0.04067195
3683,0.08269112
3684,0.95871633
3685,0.026480228
3686,0.13772595
3687,0.69506955
3688,0.01873284
3689,0.6568625
3690,0.53504956
3691,0.008014723
3692,0.003402082
3693,0.14613664
3694,0.19773507
3695,0.07785714
3696,0.81610715
3697,0.5042496
3698,0.9534545
3699,0.6662305
3700,0.36996818
3701,0.11956139
3702,0.75504726
3703,0.8480361
3704,0.86661965
3705,0.90388525
3706,0.0060396795
3707,0.16680127
3708,0.0049490896
3709,0.43721846
3710,0.5971014
3711,0.43594286
3712,0.83363146
3713,0.7243275
3714,0.7713849
3715,0.7936278
3716,0.019079767
3717,0.535882
3718,0.13643214
3719,0.91631496
3720,0.39171097
3721,0.14427829
3722,0.9500488
3723,0.5040346
3724,0.7514981
3725,0.9498227
3726,0.90653116
3727,0.14747423
3728,0.23437546
3729,0.83083683
3730,0.37162593
3731,0.81636995
3732,0.82190806
3733,0.005194925
3734,0.6511722
3735,0.57328415
3736,0.10916698
3737,0.16543461
3738,0.4796885
3739,0.004618503
3740,0.9351814
3741,0.60567516
3742,0.72423273
3743,0.8330084
3744,0.3773061
3745,0.87576896
3746,0.5414008
3747,0.5559682
3748,0.44519848
3749,0.091357715
3750,0.8711583
3751,0.8482792
3752,0.46586367
3753,0.7205234
3754,0.84219706
3755,0.10600549
3756,0.68625367
3757,0.9616237
3758,0.7718902
3759,0.3090557
3760,0.9941929
3761,0.85104334
3762,0.13450819
3763,0.05223456
3764,0.006820049
3765,0.17009823
3766,0.7564232
3767,0.016554924
3768,0.28927872
3769,0.80517423
3770,0.5713383
3771,0.24391584
3772,0.98549473
3773,0.987677
3774,0.08339239
3775,0.24078128
3776,0.3223415
3777,0.00548282
3778,0.006634356
3779,0.8736196
3780,0.6431799
3781,0.99943084
3782,0.45865333
3783,0.004502037
3784,0.0048760353
3785,0.04605014
3786,0.10858677
3787,0.25713888
3788,0.76126903
3789,0.20088705
3790,0.16060199
3791,0.7234175
3792,0.72067255
3793,0.18561377
3794,0.13543174
3795,0.041626524
3796,0.040153965
3797,0.6654244
3798,0.029696317
3799,0.13769153
3800,0.01700548
3801,0.4818653
3802,0.0028229442
3803,0.1839498
3804,0.7006259
3805,0.02682381
3806,0.10133245
3807,0.24954768
3808,0.33896095
3809,0.20077467
3810,0.47790864
3811,0.038460415
3812,0.0039182464
3813,0.12571351
3814,0.13127302
3815,0.15785874
3816,0.8923048
3817,0.074340045
3818,0.7265658
3819,0.015147719
3820,0.015811801
3821,0.02246535
3822,0.014417175
3823,0.6982822
3824,0.046717037
3825,0.9573432
3826,0.8990559
3827,0.82568324
3828,0.629561
3829,0.98876137
3830,0.18706338
3831,0.2720394
3832,0.15167922
3833,0.9906867
3834,0.18717141
3835,0.8143808
3836,0.8135685
3837,0.45024425
3838,0.4675597
3839,0.95871633
3840,0.11005443
3841,0.005403609
3842,0.105370425
3843,0.020790994
3844,0.007602292
3845,0.8482792
3846,0.009712351
3847,0.016046945
3848,0.9220014
3849,0.024418434
3850,0.77029115
3851,0.8144362
3852,0.4552101
3853,0.033635277
3854,0.9083301
3855,0.6205277
3856,0.955261
3857,0.89797467
3858,0.90894824
3859,0.7524908
3860,0.81566745
3861,0.0048168767
3862,0.78235775
3863,0.15396808
3864,0.016638821
3865,0.04803928
3866,0.045709483
3867,0.010815465
3868,0.41505522
3869,0.7268258
3870,0.46630806
3871,0.83792484
3872,0.8400934
3873,0.81823635
3874,0.508381
3875,0.5541383
3876,0.0033531904
3877,0.054721158
3878,0.018796327
3879,0.018796338
3880,0.20250465
3881,0.8645479
3882,0.94571525
3883,0.7874303
3884,0.6405401
3885,0.8461224
3886,0.810156
3887,0.8243859
3888,0.004634016
3889,0.702091
3890,0.008870832
3891,0.034059305
3892,0.86297405
3893,0.7561077
3894,0.026973533
3895,0.7562455
3896,0.017391587
3897,0.52471405
3898,0.92865044
3899,0.9375775
3900,0.009616734
3901,0.45221066
3902,0.008066587
3903,0.83394605
3904,0.852665
3905,0.4920724
3906,0.96554506
3907,0.98557633
3908,0.8585911
3909,0.98186743
3910,0.89221454
3911,0.9640083
3912,0.75888413
3913,0.06952558
3914,0.5523777
3915,0.093109354
3916,0.94812757
3917,0.8697269
3918,0.9347157
3919,0.974175
3920,0.42778477
3921,0.17304568
3922,0.36744127
3923,0.88360256
3924,0.2175673
3925,0.4802177
3926,0.4263596
3927,0.032501195
3928,0.2086111
3929,0.37992352
3930,0.014969315
3931,0.96200943
3932,0.7814336
3933,0.25646108
3934,0.8472201
3935,0.9422841
3936,0.0042811246
3937,0.91334164
3938,0.9846726
3939,0.082909286
3940,0.14857337
3941,0.2740146
3942,0.06428104
3943,0.9879396
3944,0.8055247
3945,0.80872387
3946,0.7535685
3947,0.8872236
3948,0.49207228
3949,0.11822856
3950,0.82410926
3951,0.8833671
3952,0.19992252
3953,0.06548358
3954,0.030156244
3955,0.1710333
3956,0.06085592
3957,0.26604962
3958,0.014326886
3959,0.01188545
3960,0.24281344
3961,0.89835405
3962,0.9130233
3963,0.5772096
3964,0.69585884
3965,0.03972887
3966,0.92045975
3967,0.70526344
3968,0.86886656
3969,0.6103036
3970,0.048892915
3971,0.015504994
3972,0.0049589877
3973,0.0050444375
3974,0.00909713
3975,0.00569278
3976,0.47488135
3977,0.37565005
3978,0.78041345
3979,0.010050656
3980,0.033669367
3981,0.40409145
3982,0.36652872
3983,0.13806911
3984,0.046678327
3985,0.10535052
3986,0.27898833
3987,0.4527044
3988,0.2133487
3989,0.82481647
3990,0.9800372
3991,0.23866954
3992,0.69312495
3993,0.65503705
3994,0.06934755
3995,0.10321167
3996,0.83189434
3997,0.38629368
3998,0.69915223
3999,0.5944211
4000,0.6420916
4001,0.5891997
4002,0.7303093
4003,0.36872348
4004,0.79649717
4005,0.59960085
4006,0.8740303
4007,0.92318344
4008,0.42136925
4009,0.14311281
4010,0.26933792
4011,0.004826718
4012,0.7830413
4013,0.85721654
4014,0.5673095
4015,0.598611
4016,0.056953665
4017,0.77655333
4018,0.077397496
4019,0.029476061
4020,0.01773433
4021,0.81607634
4022,0.02039353
4023,0.8601582
4024,0.9558663
4025,0.8455354
4026,0.69802827
4027,0.95048285
4028,0.013929488
4029,0.36511892
4030,0.69693524
4031,0.5847159
4032,0.0949346
4033,0.9083301
4034,0.9083301
4035,0.13870601
4036,0.8271437
4037,0.020893432
4038,0.9024841
4039,0.7613588
4040,0.67165583
4041,0.6651581
4042,0.9552026
4043,0.94891644
4044,0.81573665
4045,0.5228139
4046,0.21194902
4047,0.27393663
4048,0.1467405
4049,0.42989376
4050,0.24392147
4051,0.24075004
4052,0.014051586
4053,0.036747627
4054,0.5637977
4055,0.65648586
4056,0.8233721
4057,0.04775079
4058,0.008853357
4059,0.0053991415
4060,0.050044164
4061,0.004910056
4062,0.006152788
4063,0.024205543
4064,0.9762121
4065,0.9211247
4066,0.13481246
4067,0.636049
4068,0.7837536
4069,0.35776064
4070,0.004948376
4071,0.0056639
4072,0.005467794
4073,0.004618801
4074,0.24119224
4075,0.10651942
4076,0.09548003
4077,0.14613664
4078,0.58779234
4079,0.0068165804
4080,0.8921106
4081,0.039638624
4082,0.9010592
4083,0.8084281
4084,0.03478441
4085,0.7397538
4086,0.97570056
4087,0.4124298
4088,0.12836894
4089,0.89245105
4090,0.0989405
4091,0.95106864
4092,0.6995064
4093,0.91970456
4094,0.0037282615
4095,0.0071935025
4096,0.8742493
4097,0.6082479
4098,0.03708543
4099,0.9877368
4100,0.28512296
4101,0.1251105
4102,0.0071239513
4103,0.5842671
4104,0.6366486
4105,0.65108687
4106,0.8621126
4107,0.9500488
4108,0.9583669
4109,0.86886656
4110,0.8920057
4111,0.521804
4112,0.011310906
4113,0.03790507
4114,0.020098742
4115,0.21822022
4116,0.5324738
4117,0.0052214903
4118,0.009694852
4119,0.0087098535
4120,0.7343872
4121,0.68426216
4122,0.7320053
4123,0.8733922
4124,0.69985694
4125,0.7219936
4126,0.78878117
4127,0.058059607
4128,0.88561225
4129,0.90731794
4130,0.38427478
4131,0.07933057
4132,0.8964682
4133,0.012108791
4134,0.5262911
4135,0.01425187
4136,0.026335184
4137,0.7874303
4138,0.0048911767
4139,0.8923194
4140,0.7235872
4141,0.6057076
4142,0.8903796
4143,0.003806951
4144,0.8705674
4145,0.680748
4146,0.03753867
4147,0.21672729
4148,0.1815192
4149,0.05087647
4150,0.012340262
4151,0.9839909
4152,0.99660057
4153,0.3221567
4154,0.520151
4155,0.82316196
4156,0.72478855
4157,0.6880843
4158,0.117645346
4159,0.5773018
4160,0.69415206
4161,0.0065430664
4162,0.094528586
4163,0.003213518
4164,0.76402825
4165,0.2392873
4166,0.07826196
4167,0.0100892205
4168,0.9313974
4169,0.9062369
4170,0.005574165
4171,0.012950622
4172,0.004493836
4173,0.20318405
4174,0.11661106
4175,0.35236812
4176,0.37040186
4177,0.27796504
4178,0.2850203
4179,0.7525611
4180,0.7874303
4181,0.3722527
4182,0.19091097
4183,0.3477385
4184,0.5536492
4185,0.39083046
4186,0.5342339
4187,0.9271779
4188,0.46278054
4189,0.61445737
4190,0.22603919
4191,0.41019186
4192,0.043446094
4193,0.37673733
4194,0.57986253
4195,0.019562626
4196,0.016831124
4197,0.5748581
4198,0.9245534
4199,0.026967628
4200,0.11699192
4201,0.17240378
4202,0.15077932
4203,0.66011107
4204,0.0032257913
4205,0.02037434
4206,0.011117991
4207,0.059783544
4208,0.630484
4209,0.028191656
4210,0.4859602
4211,0.26544896
4212,0.6350152
4213,0.33029866
4214,0.004809287
4215,0.582295
4216,0.928038
4217,0.18013403
4218,0.1504828
4219,0.9085025
4220,0.23469637
4221,0.78843546
4222,0.07513768
4223,0.27074185
4224,0.8639883
4225,0.86131775
4226,0.09101783
4227,0.84190536
4228,0.9103203
4229,0.88931143
4230,0.97450846
4231,0.99153215
4232,0.6009798
4233,0.100153245
4234,0.9257713
4235,0.9529162
4236,0.9337891
4237,0.14941631
4238,0.014332731
4239,0.14161077
4240,0.41235593
4241,0.008842891
4242,0.83058715
4243,0.019760368
4244,0.0054397965
4245,0.99109566
4246,0.8844481
4247,0.11952572
4248,0.8746922
4249,0.9022888
4250,0.9445215
4251,0.25646108
4252,0.93415457
4253,0.6321176
4254,0.8990559
4255,0.8990559
4256,0.8563393
4257,0.28022262
4258,0.45132005
4259,0.04602314
4260,0.40428942
4261,0.92956096
4262,0.98384297
4263,0.98130727
4264,0.96915126
4265,0.79335594
4266,0.98500514
4267,0.047767896
4268,0.04857637
4269,0.34408966
4270,0.7465883
4271,0.8060134
4272,0.6958545
4273,0.9826553
4274,0.8018813
4275,0.6763348
4276,0.98957294
4277,0.82759
4278,0.0099076675
4279,0.7411104
4280,0.1375951
4281,0.9053732
4282,0.73227537
4283,0.92129487
4284,0.8379248
4285,0.64180803
4286,0.8748012
4287,0.3989326
4288,0.325844
4289,0.44668546
4290,0.00794
4291,0.9171008
4292,0.8003996
4293,0.9076138
4294,0.8691279
4295,0.009959902
4296,0.012087499
4297,0.10210868
4298,0.6844119
4299,0.14708811
4300,0.9759305
4301,0.0061527905
4302,0.6521572
4303,0.6565189
4304,0.843216
4305,0.9041411
4306,0.84106934
4307,0.46572164
4308,0.7905039
4309,0.9529162
4310,0.007839301
4311,0.05602843
4312,0.0041212905
4313,0.84505856
4314,0.7582649
4315,0.2689921
4316,0.057210576
4317,0.35789248
4318,0.98846185
4319,0.009901948
4320,0.5172127
4321,0.21998821
4322,0.14754213
4323,0.0048252568
4324,0.004644581
4325,0.93342847
4326,0.9723165
4327,0.8844819
4328,0.9708839
4329,0.014929292
4330,0.7697728
4331,0.3516836
4332,0.02493542
4333,0.4378698
4334,0.47284538
4335,0.5277323
4336,0.2647071
4337,0.11148134
4338,0.8321543
4339,0.9019605
4340,0.902412
4341,0.7607149
4342,0.72648567
4343,0.7707213
4344,0.16220671
4345,0.1784162
4346,0.9358635
4347,0.031001767
4348,0.031001767
4349,0.15416266
4350,0.020189902
4351,0.011464862
4352,0.109036565
4353,0.13034719
4354,0.0054421807
4355,0.051632144
4356,0.33415568
4357,0.35525343
4358,0.17103335
4359,0.18571872
4360,0.11123398
4361,0.22004363
4362,0.29552826
4363,0.9799744
4364,0.005338355
4365,0.5526816
4366,0.63240916
4367,0.34126845
4368,0.09964263
4369,0.6955884
4370,0.9688682
4371,0.021359349
4372,0.058397263
4373,0.033445936
4374,0.0359035
4375,0.9053732
4376,0.9347297
4377,0.63483256
4378,0.82084656
4379,0.9487478
4380,0.037959397
4381,0.280017
4382,0.70452625
4383,0.22293773
4384,0.36872354
4385,0.87310547
4386,0.89410317
4387,0.9732022
4388,0.9385355
4389,0.008199268
4390,0.8825483
4391,0.1831099
4392,0.5489534
4393,0.016879419
4394,0.8465915
4395,0.37730616
4396,0.7177576
4397,0.9790861
4398,0.96553427
4399,0.5300921
4400,0.921246
4401,0.9512264
4402,0.9573432
4403,0.019670483
4404,0.060587145
4405,0.93724614
4406,0.3677095
4407,0.974327
4408,0.12991068
4409,0.44624063
4410,0.98886895
4411,0.8900098
4412,0.7691083
4413,0.7734143
4414,0.82568324
4415,0.3606746
4416,0.8489023
4417,0.20874915
4418,0.0063951956
4419,0.16324006
4420,0.17410335
4421,0.27255854
4422,0.25763106
4423,0.88091147
4424,0.010223249
4425,0.105179586
4426,0.7061846
4427,0.81086266
4428,0.5561226
4429,0.050030608
4430,0.966553
4431,0.6444646
4432,0.09947039
4433,0.011189111
4434,0.05834585
4435,0.1309983
4436,0.785102
4437,0.7549151
4438,0.8035791
4439,0.49422666
4440,0.24898238
4441,0.52941966
4442,0.83890367
4443,0.95785
4444,0.13909933
4445,0.5307426
4446,0.010057956
4447,0.8754709
4448,0.87897575
4449,0.0037852034
4450,0.41235593
4451,0.0038861115
4452,0.036162157
4453,0.077411085
4454,0.97874075
4455,0.4336367
4456,0.83059055
4457,0.88805795
4458,0.8586737
4459,0.7245289
4460,0.7367291
4461,0.041315958
4462,0.86137533
4463,0.12750694
4464,0.0050603463
4465,0.10583131
4466,0.47423267
4467,0.21048719
4468,0.102218844
4469,0.12043101
4470,0.98130727
4471,0.9824785
4472,0.956624
4473,0.19825715
4474,0.9056254
4475,0.011032753
4476,0.41128096
4477,0.56355923
4478,0.0581744
4479,0.869637
4480,0.14268652
4481,0.025223147
4482,0.027219744
4483,0.074303925
4484,0.61792445
4485,0.61152786
4486,0.8969889
4487,0.95435005
4488,0.9892937
4489,0.9718236
4490,0.99657685
4491,0.13357417
4492,0.5119074
4493,0.2047619
4494,0.09548003
4495,0.81987506
4496,0.9396522
4497,0.6316539
4498,0.5124753
4499,0.5668614
4500,0.0057793395
4501,0.4816564
4502,0.489578
4503,0.81608516
4504,0.20867473
4505,0.7288928
4506,0.3994825
4507,0.0050863912
4508,0.014206911
4509,0.118851565
4510,0.24800862
4511,0.6414688
4512,0.9859492
4513,0.9880387
4514,0.008649083
4515,0.684315
4516,0.9026493
4517,0.49678418
4518,0.06374508
4519,0.7021625
4520,0.35056546
4521,0.25808033
4522,0.24499537
4523,0.6411159
4524,0.21883059
4525,0.16990377
4526,0.26676312
4527,0.5222039
4528,0.66870236
4529,0.969475
4530,0.7375801
4531,0.15014504
4532,0.06126692
4533,0.04958715
4534,0.25771078
4535,0.7442839
4536,0.9872229
4537,0.9016841
4538,0.94731534
4539,0.089689665
4540,0.056019362
4541,0.06163894
4542,0.9651751
4543,0.95313424
4544,0.8883242
4545,0.26991266
4546,0.010852502
4547,0.14131576
4548,0.84680384
4549,0.8764207
4550,0.006672587
4551,0.008993857
4552,0.009238637
4553,0.0103871785
4554,0.057200592
4555,0.008247889
4556,0.0065469025
4557,0.0072314087
4558,0.52485865
4559,0.6759992
4560,0.52220404
4561,0.95722777
4562,0.061327435
4563,0.4827918
4564,0.59730166
4565,0.008676621
4566,0.7720416
4567,0.036014266
4568,0.004344011
4569,0.16066952
4570,0.81109273
4571,0.74496794
4572,0.005601021
4573,0.0072262203
4574,0.00732731
4575,0.39082792
4576,0.642801
4577,0.94731534
4578,0.61896366
4579,0.7434614
4580,0.042643942
4581,0.057840534
4582,0.009226939
4583,0.92945766
4584,0.5119293
4585,0.511755
4586,0.35525343
4587,0.79869217
4588,0.020782884
4589,0.014464721
4590,0.921246
4591,0.8865878
4592,0.7969094
4593,0.06266444
4594,0.058705
4595,0.21883063
4596,0.6547808
4597,0.8611326
4598,0.3989247
4599,0.01570202
4600,0.0067594126
4601,0.1420082
4602,0.032769803
4603,0.014417181
4604,0.005194927
4605,0.014050997
4606,0.005624528
4607,0.4099744
4608,0.9384826
4609,0.8130043
4610,0.8243342
4611,0.026047671
4612,0.1111317
4613,0.030954609
4614,0.6315937
4615,0.6103036
4616,0.6527184
4617,0.662699
4618,0.98590523
4619,0.4551885
4620,0.8886141
4621,0.12994997
4622,0.61807984
4623,0.27952358
4624,0.597659
4625,0.5047958
4626,0.11853283
4627,0.93380296
4628,0.469107
4629,0.6584371
4630,0.66488826
4631,0.51047635
4632,0.15527368
4633,0.84310925
4634,0.98292494
4635,0.19476005
4636,0.81377983
4637,0.21912852
4638,0.18692045
4639,0.004881638
4640,0.3486046
4641,0.004767264
4642,0.16534127
4643,0.14226565
4644,0.43111393
4645,0.0029022356
4646,0.49506107
4647,0.98649037
4648,0.016607469
4649,0.12987909
4650,0.9313134
4651,0.053690325
4652,0.7854701
4653,0.99382764
4654,0.06210432
4655,0.02084361
4656,0.98252213
4657,0.662699
4658,0.9277713
4659,0.7897737
4660,0.8770578
4661,0.04224779
4662,0.12176529
4663,0.1670766
4664,0.2955991
4665,0.41188416
4666,0.46373898
4667,0.9930078
4668,0.4531943
4669,0.16916928
4670,0.022354811
4671,0.37746158
4672,0.3074548
4673,0.0759476
4674,0.66365236
4675,0.11622583
4676,0.9930536
4677,0.114705354
4678,0.4015012
4679,0.036135554
4680,0.98572063
4681,0.79211783
4682,0.67663044
4683,0.2955992
4684,0.23136193
4685,0.21912852
4686,0.6842215
4687,0.56705767
4688,0.38912302
4689,0.8447828
4690,0.28914666
4691,0.98736495
4692,0.3751153
4693,0.28265318
4694,0.04181437
4695,0.092229135
4696,0.3074548
4697,0.29085267
4698,0.5983802
4699,0.41226542
4700,0.41188416
4701,0.28914675
4702,0.5340983
4703,0.2324484
4704,0.114705324
4705,0.4934849
4706,0.97151846
4707,0.057084356
4708,0.094047524
4709,0.67771703
4710,0.70744455
4711,0.76113117
4712,0.4082175
4713,0.00865712
4714,0.0041009844
4715,0.7237145
4716,0.5464431
4717,0.9233511
4718,0.005774503
4719,0.23390953
4720,0.095415175
4721,0.05772383
4722,0.07987959
4723,0.10205908
4724,0.1433425
4725,0.24813901
4726,0.13642219
4727,0.34334007
4728,0.2679362
4729,0.7344425
4730,0.87024677
4731,0.008426792
4732,0.03962553
4733,0.03962553
4734,0.9576596
4735,0.9909174
4736,0.90673673
4737,0.11533865
4738,0.9527491
4739,0.9614098
4740,0.82098
4741,0.9810327
4742,0.020181745
4743,0.3530174
4744,0.15548326
4745,0.22838877
4746,0.32991093
4747,0.2088593
4748,0.688548
4749,0.37386668
4750,0.13019055
4751,0.24181841
4752,0.22235405
4753,0.6978051
4754,0.22676718
4755,0.046818882
4756,0.32631403
4757,0.30654332
4758,0.73745453
4759,0.8081197
4760,0.40515134
4761,0.37359634
4762,0.04814007
4763,0.10585103
4764,0.19805376
4765,0.22723442
4766,0.45518854
4767,0.96253896
4768,0.98292494
4769,0.30318436
4770,0.67509234
4771,0.0148021495
4772,0.08083611
4773,0.3105801
4774,0.044839866
4775,0.49568006
4776,0.98196596
4777,0.13626324
4778,0.17829365
4779,0.7974675
4780,0.46202525
4781,0.7074446
4782,0.06977413
4783,0.27026796
4784,0.11542687
4785,0.5691567
4786,0.54397863
4787,0.03271323
4788,0.02105588
4789,0.35713363
4790,0.0056639244
4791,0.7074272
4792,0.8398229
4793,0.9082632
4794,0.16620843
4795,0.30065444
4796,0.7240404
4797,0.7155537
4798,0.12745693
4799,0.816393
4800,0.23303139
4801,0.010513285
4802,0.96430105
4803,0.075723074
4804,0.19905831
4805,0.6380482
4806,0.244011
4807,0.1570062
4808,0.4372577
4809,0.06939514
4810,0.09791924
4811,0.21912852
4812,0.78782415
4813,0.06429002
4814,0.2868855
4815,0.35316828
4816,0.114705324
4817,0.5437817
4818,0.1173056
4819,0.03333472
4820,0.021466447
4821,0.03238509
4822,0.12959185
4823,0.028572857
4824,0.71349066
4825,0.2890664
4826,0.83578235
4827,0.23218006
4828,0.5425608
4829,0.91845816
4830,0.7923335
4831,0.14348036
4832,0.67649996
4833,0.040394597
4834,0.042247783
4835,0.98292494
4836,0.36652526
4837,0.8217636
4838,0.83884
4839,0.8272955
4840,0.6465777
4841,0.00929368
4842,0.29286978
4843,0.009952861
4844,0.12959185
4845,0.03764502
4846,0.073612235
4847,0.81815064
4848,0.99180895
4849,0.84292024
4850,0.105084755
4851,0.026834996
4852,0.07873333
4853,0.11451322
4854,0.8249001
4855,0.30745476
4856,0.6775197
4857,0.40091687
4858,0.98200285
4859,0.33975473
4860,0.015878007
4861,0.15623559
4862,0.0047610933
4863,0.14817241
4864,0.9713147
4865,0.87897575
4866,0.36652526
4867,0.9875808
4868,0.86262625
4869,0.17175846
4870,0.61471367
4871,0.27899867
4872,0.16342498
4873,0.33292043
4874,0.029609323
4875,0.078299016
4876,0.10064872
4877,0.6290895
4878,0.6161065
4879,0.005794387
4880,0.0055569797
4881,0.7911397
4882,0.22328982
4883,0.34338948
4884,0.71963686
4885,0.1209905
4886,0.010837535
4887,0.006250324
4888,0.39365876
4889,0.12861158
4890,0.2461728
4891,0.15000653
4892,0.44104272
4893,0.72252405
4894,0.22984727
4895,0.008194348
4896,0.8252937
4897,0.02711989
4898,0.6696266
4899,0.7662625
4900,0.38424703
4901,0.9544534
4902,0.9122699
4903,0.024285715
4904,0.651468
4905,0.7571473
4906,0.14386638
4907,0.014555135
4908,0.4127697
4909,0.82098
4910,0.61093724
4911,0.9355818
4912,0.027900845
4913,0.043219935
4914,0.805997
4915,0.11304485
4916,0.5619254
4917,0.5464432
4918,0.90999746
4919,0.94771916
4920,0.92407066
4921,0.9589622
4922,0.93475103
4923,0.930209
4924,0.16251493
4925,0.12395283
4926,0.08999845
4927,0.016005676
4928,0.63344276
4929,0.011084233
4930,0.00567402
4931,0.110614054
4932,0.19442016
4933,0.6100538
4934,0.5975566
4935,0.24968596
4936,0.17616314
4937,0.08473641
4938,0.26850185
4939,0.41133404
4940,0.26687717
4941,0.3667576
4942,0.7209958
4943,0.4551885
4944,0.7726945
4945,0.33400315
4946,0.07409023
4947,0.10428719
4948,0.49058297
4949,0.52097684
4950,0.19545634
4951,0.016689625
4952,0.6684714
4953,0.14708585
4954,0.009643397
4955,0.520832
4956,0.8829934
4957,0.14862989
4958,0.07188909
4959,0.20839846
4960,0.033450127
4961,0.96679395
4962,0.73141956
4963,0.82002646
4964,0.7361117
4965,0.6111402
4966,0.097460486
4967,0.37604403
4968,0.45740086
4969,0.4415014
4970,0.48288095
4971,0.7170644
4972,0.024771007
4973,0.0052469615
4974,0.9363591
4975,0.21176137
4976,0.8656258
4977,0.63418454
4978,0.7100723
4979,0.24263264
4980,0.7315605
4981,0.75811803
4982,0.9468325
4983,0.4245706
4984,0.8573707
4985,0.9223718
4986,0.4787838
4987,0.2715532
4988,0.55807173
4989,0.66368645
4990,0.73870254
4991,0.0052672247
4992,0.4222529
4993,0.5289996
4994,0.035394765
4995,0.028238572
4996,0.069316626
4997,0.036992442
4998,0.14503734
4999,0.25876984
5000,0.05505615
5001,0.48714077
5002,0.26965716
5003,0.52449447
5004,0.9313102
5005,0.26922378
5006,0.31513175
5007,0.87125367
5008,0.9965347
5009,0.0040903185
5010,0.37104094
5011,0.7566745
5012,0.09803966
5013,0.02624976
5014,0.32853675
5015,0.019280797
5016,0.1671646
5017,0.6557093
5018,0.8251129
5019,0.9021163
5020,0.27899864
5021,0.79113233
5022,0.54708403
5023,0.016896289
5024,0.012611006
5025,0.41153127
5026,0.0150804445
5027,0.11069242
5028,0.40854448
5029,0.61976767
5030,0.042984623
5031,0.012718768
5032,0.017324165
5033,0.43019748
5034,0.03487058
5035,0.5741079
5036,0.41226542
5037,0.21828319
5038,0.0037442604
5039,0.9355818
5040,0.12401874
5041,0.87924725
5042,0.843727
5043,0.08595843
5044,0.23548312
5045,0.42507583
5046,0.7867634
5047,0.7534737
5048,0.016689617
5049,0.255214
5050,0.26177827
5051,0.23151919
5052,0.19967316
5053,0.18580633
5054,0.74633044
5055,0.6639144
5056,0.4443946
5057,0.9555333
5058,0.9548052
5059,0.29161584
5060,0.89228266
5061,0.6568954
5062,0.82335377
5063,0.66912687
5064,0.05192661
5065,0.7995149
5066,0.31154296
5067,0.91178066
5068,0.081921116
5069,0.03488227
5070,0.105948135
5071,0.036157627
5072,0.7827949
5073,0.98048615
5074,0.5305755
5075,0.3105801
5076,0.5305755
5077,0.014072801
5078,0.043259107
5079,0.7509726
5080,0.7527851
5081,0.28704235
5082,0.5322515
5083,0.6624867
5084,0.05043442
5085,0.54684854
5086,0.9909174
5087,0.2751463
5088,0.38424703
5089,0.91742206
5090,0.07104918
5091,0.9256256
5092,0.95950633
5093,0.87292206
5094,0.21176137
5095,0.17175846
5096,0.34338963
5097,0.01132772
5098,0.22484845
5099,0.013839034
5100,0.41792262
5101,0.58018476
5102,0.71534896
5103,0.41409928
5104,0.84067625
5105,0.6301779
5106,0.65908736
5107,0.9803572
5108,0.1407747
5109,0.92458844
5110,0.9140011
5111,0.923952
5112,0.5167205
5113,0.045577947
5114,0.08975566
5115,0.37303016
5116,0.059622716
5117,0.75420153
5118,0.6932979
5119,0.6643577
5120,0.62394327
5121,0.7995149
5122,0.6696266
5123,0.85290605
5124,0.66497505
5125,0.78036916
5126,0.7621405
5127,0.6971268
5128,0.0048582037
5129,0.019044476
5130,0.033682052
5131,0.14462928
5132,0.06918791
5133,0.117996216
5134,0.021360464
5135,0.007830489
5136,0.07238891
5137,0.7589997
5138,0.95591235
5139,0.81141263
5140,0.01799126
5141,0.82301575
5142,0.86355555
5143,0.8448378
5144,0.075496666
5145,0.32105085
5146,0.11785288
5147,0.6439316
5148,0.98674625
5149,0.53861517
5150,0.80766726
5151,0.76170564
5152,0.83009386
5153,0.8133955
5154,0.021936934
5155,0.02759322
5156,0.82231766
5157,0.7308533
5158,0.14741163
5159,0.7955631
5160,0.3061876
5161,0.32045907
5162,0.68409115
5163,0.7074272
5164,0.02210771
5165,0.5378107
5166,0.7329
5167,0.79961604
5168,0.30318442
5169,0.8445813
5170,0.6897165
5171,0.682352
5172,0.006042511
5173,0.72244066
5174,0.6773092
5175,0.39985678
5176,0.019044476
5177,0.34079945
5178,0.960568
5179,0.9895331
5180,0.52570635
5181,0.6639144
5182,0.1480872
5183,0.61093724
5184,0.47630963
5185,0.6026008
5186,0.9494728
5187,0.93090814
5188,0.95905787
5189,0.9221717
5190,0.013841663
5191,0.47383755
5192,0.10602227
5193,0.10261603
5194,0.076240584
5195,0.021411516
5196,0.86023426
5197,0.019044476
5198,0.51053613
5199,0.45639282
5200,0.94326174
5201,0.28571072
5202,0.37093475
5203,0.11533019
5204,0.10754508
5205,0.05505616
5206,0.06495587
5207,0.43557036
5208,0.097460486
5209,0.096648
5210,0.4868112
5211,0.24750805
5212,0.53154093
5213,0.99660057
5214,0.91219926
5215,0.08612422
5216,0.21166153
5217,0.33866835
5218,0.4823402
5219,0.998145
5220,0.90859175
5221,0.08814025
5222,0.2548352
5223,0.76074976
5224,0.6355536
5225,0.009229986
5226,0.68235195
5227,0.05440101
5228,0.005774503
5229,0.52570635
5230,0.78978693
5231,0.6643577
5232,0.79113966
5233,0.33762866
5234,0.015878007
5235,0.73611146
5236,0.5060193
5237,0.2617751
5238,0.7384248
5239,0.94310343
5240,0.6178912
5241,0.647849
5242,0.39987355
5243,0.10261603
5244,0.040826377
5245,0.96634454
5246,0.8319001
5247,0.9742197
5248,0.08083611
5249,0.13699605
5250,0.87949365
5251,0.8352909
5252,0.17530054
5253,0.18799458
5254,0.30211157
5255,0.63418454
5256,0.3682526
5257,0.789649
5258,0.14887598
5259,0.43496066
5260,0.81054914
5261,0.010597688
5262,0.5678585
5263,0.87880915
5264,0.9527491
5265,0.36517757
5266,0.93609536
5267,0.93609536
5268,0.8923271
5269,0.035394788
5270,0.73985034
5271,0.63948476
5272,0.9212025
5273,0.95694643
5274,0.8571622
5275,0.9458923
5276,0.9728578
5277,0.85808563
5278,0.83577764
5279,0.37159273
5280,0.0066486187
5281,0.78978693
5282,0.014802143
5283,0.3070266
5284,0.0054197623
5285,0.84515375
5286,0.04563005
5287,0.05363683
5288,0.090739496
5289,0.33534196
5290,0.29746443
5291,0.2898773
5292,0.37093475
5293,0.74913055
5294,0.9799523
5295,0.79023904
5296,0.8964611
5297,0.44415388
5298,0.7285561
5299,0.98091334
5300,0.8861933
5301,0.0067912797
5302,0.8125697
5303,0.39987347
5304,0.22372209
5305,0.17569667
5306,0.042891476
5307,0.073103555
5308,0.12582128
5309,0.24692228
5310,0.16838874
5311,0.07542537
5312,0.015948119
5313,0.09146579
5314,0.96732795
5315,0.03042592
5316,0.40397263
5317,0.5046429
5318,0.07990085
5319,0.06330343
5320,0.008086047
5321,0.24017578
5322,0.17829183
5323,0.024314355
5324,0.7396716
